260,B002I0EK06,The Adventures Of Tintin: The Game (輸入版),3,3690 ,3690 ,56426 ,2011/12/6,null
261,B004L4AZ3I,Asphalt 3D,3,4340 ,4340 ,32152 ,2011/11/3,null
262,B00BQI3UQG,Donkey Kong Country Returns 3D - Nintendo 3DS(IMPORT),3,5790 ,5790 ,41507 ,,null
263,B002I0ERAO,Need for Speed: The Run,3,3880 ,3880 ,41310 ,,null
264,B00B47DV0O,Mario Kart 7 (輸入版:ドイツ版),3,17850 ,17850 ,47157 ,,null
265,B00AZJ8GLG,Pokemon X ポケットモンスターX (輸入版:フランス),3,12350 ,12350 ,49699 ,,null
266,B00B7JT5F4,Pokemon X ポケットモンスターX (輸入版:イギリス),3,7615 ,7615 ,22655 ,,null
267,B00AYWPPO0,Pokemon X ポケットモンスターX (輸入版:ドイツ),3,7700 ,7700 ,50813 ,,null
268,B00AZJ8HBK,Pokemon Y ポケットモンスターY (輸入版:フランス),3,7819 ,7819 ,50406 ,,null
269,B00B7JT5H2,Pokemon Y ポケットモンスターY (輸入版:イギリス),3,7615 ,7615 ,27711 ,,null
270,B00BP5DLZU,Pokemon Y ポケットモンスターY (輸入版:スペイン),3,8820 ,8820 ,56630 ,,null
271,B00AYWPR9I,Pokemon Y ポケットモンスターY (輸入版:ドイツ),3,8150 ,8150 ,42453 ,,null
272,B002I08VLA,Nintendogs + Cats: Golden Retriever and New Friends,3,6428 ,6428 ,51465 ,,null
273,B002I092YK,Nintendogs + Cats: French Bulldog and New Friends,3,5970 ,5970 ,56425 ,,null
274,B00GV4V8XC,Bravely Default - Nintendo 3DS　北米版　並行輸入品　（国内盤３DS再生不可）,3,8415 ,8415 ,56697 ,,null
275,B00GV4V8UK,Professor Layton & the Azran Legacy,3,4451 ,4451 ,90916 ,2014/2/28,null
276,B008OSDHGE,Skylanders Giants Single Character Pack: Eruptor SERIES 2,3,3229 ,3229 ,48693 ,,null
277,B008OSDFZM,Skylanders Giants Character Pack: PRISM BREAK [SERIES 2],3,4191 ,4191 ,48645 ,,null
278,B0053B5X76,LEGO City Undercover: The Chase Begins NINTENDO 3DS 北米版,3,3865 ,3490 ,6771 ,,null
279,B005GWU0QG,F1 2011　北米版,3,,4140 ,47469 ,,null
280,B00F6YISHM,Frozen Olaf's Quest 3DS - Nintendo 3DS  北米版 ※国内版本体動作不可,3,10389 ,2355 ,49303 ,,null
281,B00CW3E9NM,Scribblenauts Unmasked - A DC Comics Adventure - Nintendo 3DS   北米版  国内版３DS本体再生不可,3,4882 ,3454 ,49591 ,,null
282,B00ECOAX3O,The LEGO Movie Videogame - Nintendo 3DS Standard Edition　北米版　並行輸入品　（国内盤３DS再生不可）,3,3933 ,3933 ,29837 ,,null
283,B00IF1A2KY,おさわり探偵 小沢里奈 ライジング3 ~なめこはバナナの夢を見るか? 早期購入特典 なめこのぬいぐるみ(ボールチェーン付) +Amazon.co.jp限定特典なめこシールセット付,3,5184 ,5184 ,372 ,2014/5/1,null
284,B00IY3XUM0,ハマトラ Look at Smoking World 予約特典(ハニーICカードステッカー)&Amazon.co.jp限定描き下ろし着せ替えジャケット(ユイカ×はじめ) 付,3,6459 ,6459 ,5773 ,2014/7/17,null
285,B004J18DKA,GUNDAM THE 3D BATTLE,3,7481 ,3580 ,3853 ,2011/3/24,null
286,B00IFSTMN0,ムシブギョー (初回封入特典：蟲奉行所＆蟲狩印入り 虫よけシール) 封入版,3,1990 ,1990 ,29055 ,,null
287,B004IWS1NO,3DS用BLAZBLUE CONTINUUM SHIFT II,3,2169 ,1579 ,8048 ,2011/3/31,null
288,B005M0F8ZA,熱血硬派くにおくん すぺしゃる,3,6150 ,3050 ,5641 ,2011/12/15,null
289,B0071TN64A,SHIFTING WORLD 白と黒の迷宮,3,3281 ,2980 ,2746 ,2012/4/26,null
290,B007P0L9US,探偵 神宮寺三郎 復讐の輪舞,3,4477 ,3020 ,10425 ,2012/6/28,null
291,B00CL6OW8C,熱血硬派くにおくんSP 乱闘協奏曲,3,3729 ,3436 ,2440 ,2013/8/8,null
292,B00EU70MQ6,星霜のアマゾネス,3,4284 ,3630 ,956 ,2013/11/14,null
293,B008JA29EI,ちび☆デビ!,3,2177 ,2177 ,6565 ,2012/9/27,null
294,B00CU6NEOQ,ちび☆デビ! 2~魔法のゆめえほん~,3,3919 ,3650 ,7058 ,2013/7/25,null
295,B0074FDYX4,NANO ASSAULT (ナノアサルト),3,2845 ,1750 ,7052 ,2012/4/19,null
296,B00BF87FBS,NANO ASSAULT (ナノアサルト) キャンペーンプライス版,3,3189 ,1810 ,15426 ,2013/3/28,null
297,B007620Y6U,女の子と密室にいたら○○しちゃうかもしれない。 (特典なし),3,1360 ,814 ,10109 ,2012/3/15,null
298,B0088VH3UI,マダガスカル3,3,2228 ,1420 ,11965 ,2012/8/2,null
299,B00FE7JA4G,VitaminZ Revolution,3,3090 ,3030 ,8307 ,2013/12/12,null
300,B00FE7K3QA,VitaminX Evolution Plus,3,3327 ,3002 ,6456 ,2014/1/16,null
301,B007OR5NAY,HEAVY FIRE THE CHOSEN FEW,3,4172 ,2930 ,13846 ,2012/6/14,null
302,B00B99E368,忍者じゃじゃ丸くん さくら姫と火竜のひみつ,3,2659 ,2659 ,4996 ,2013/6/20,null
303,B005O65QJ0,閃乱カグラ -少女達の真影- (特典なし),3,9234 ,1289 ,1670 ,2011/9/22,null
304,B007VM3Z70,閃乱カグラ Burst -紅蓮の少女達-,3,3393 ,2181 ,902 ,2012/8/30,null
305,B00I5FPQT2,閃乱カグラ2 -真紅- にゅうにゅうDXパック,3,9545 ,9545 ,321 ,2014/8/7,null
306,B00I5FPQTM,閃乱カグラ2 -真紅-,3,5674 ,5674 ,513 ,2014/8/7,null
307,B00HQZKGHY,閃乱カグラ Burst -紅蓮の少女達- Best Collection,3,2491 ,2491 ,977 ,2014/3/6,null
308,B008KX9I0C,パチパラ3D 大海物語2 With アグネス・ラム ~パチプロ風雲録・花 消されたライセンス~,3,3048 ,3048 ,11225 ,2012/9/6,null
309,B005ZA34NA,ランナバウト3D ドライブ:インポッシブル,3,17800 ,6289 ,13781 ,2012/1/19,null
310,B0095ET5P8,メダロット7 カブトVer. (特典なし),3,1408 ,809 ,5526 ,2012/9/13,null
311,B0095EST50,メダロット7 クワガタVer. (特典なし),3,1398 ,730 ,2102 ,2012/9/13,null
312,B00A1VH41Q,ねらって!とばして!リラックマ ぐらぐらスイーツタワー,3,3945 ,2812 ,6161 ,2012/12/13,null
313,B00E55JNMW,メダロットDUAL カブトVer. (初回封入特典:スペシャルARトレカ同梱),3,1279 ,1279 ,417 ,2013/11/14,null
314,B00E55KADI,メダロットDUAL クワガタVer. (初回封入特典:スペシャルARトレカ同梱),3,1279 ,1277 ,428 ,2013/11/14,null
315,B00542S8GM,びっくり! とびだす! 魔法のペン,3,950 ,928 ,5019 ,2011/8/11,null
316,B004V5K0CS,剣と魔法と学園モノ。3D,3,6963 ,2950 ,8033 ,2011/7/7,null
317,B004IWS1NY,3DS用ウイルスシューターXX,3,2124 ,990 ,19441 ,2011/3/31,null
318,B007KWRI4C,ぼくは航空管制官 エアポートヒーロー3D 羽田 with JAL,3,4763 ,3550 ,4759 ,2012/5/24,null
319,B008DBODEM,ぼくは航空管制官 エアポートヒーロー3D ホノルル,3,3597 ,3597 ,3513 ,2012/8/23,null
320,B009T39FD2,ぼくは航空管制官 エアポートヒーロー3D 成田 with ANA,3,4981 ,4889 ,5127 ,2012/12/20,null
321,B00DAX5MKM,ぼくは航空管制官 エアポートヒーロー3D 那覇 PREMIUM,3,5059 ,4571 ,3209 ,2013/8/8,null
322,B00BFR6BZU,Starry☆Sky~in Spring~3D 限定版 (限定版特典ドラマCD・限定版特典小冊子・限定版特典ステッカー 同梱),3,3352 ,3352 ,3628 ,2013/4/25,null
323,B00BFR6BYG,Starry☆Sky~in Spring~3D 通常版,3,2700 ,2320 ,5705 ,2013/4/25,null
324,B00BUJB4ZA,Starry☆Sky~in Summer~3D 初回限定版,3,4030 ,3400 ,8779 ,2013/6/27,null
325,B00DGJL8K8,Starry☆Sky~in Autumn~3D 初回限定版,3,4245 ,3777 ,13320 ,2013/8/29,null
326,B00DGJL8GM,Starry☆Sky~in Autumn~3D 通常版,3,2970 ,2780 ,9276 ,2013/8/29,null
327,B00DGJL8DK,Starry☆Sky~in Winter~3D 初回限定版,3,5400 ,4430 ,4523 ,2013/10/31,null
328,B00DGJL8IK,Starry☆Sky~in Winter~3D 通常版,3,3070 ,3070 ,13032 ,2013/10/31,null
329,B00BYQ0ENC,デジモンワールド Re:Digitize Decode,3,2991 ,2738 ,617 ,2013/6/27,null
330,B00C4Q1O1C,トリコ グルメガバトル!,3,488 ,488 ,347 ,2013/7/4,null
331,B00CJ7WJ6K,獣電戦隊キョウリュウジャー ゲームでガブリンチョ!!,3,1580 ,1580 ,1037 ,2013/8/8,null
332,B00D11GCJI,ワンピース ROMANCE DAWN 冒険の夜明け,3,2480 ,1340 ,889 ,2013/8/8,null
333,B00DI33HJW,ムシブギョー,3,1199 ,1198 ,1468 ,2013/9/19,null
334,B00DBUIRD8,魔界王子 devils and realist 代理王の秘宝 超豪華限定版 代理王選定BOX,3,4335 ,4335 ,7475 ,2013/9/26,null
335,B00DBUIRC4,魔界王子 devils and realist 代理王の秘宝,3,2378 ,2370 ,4906 ,2013/9/26,null
336,B00DNV8W6M,SPEC~干~,3,3192 ,3000 ,8187 ,2013/10/3,null
337,B00DVG56Y0,戦闘中 伝説の忍とサバイバルバトル!,3,3854 ,3540 ,385 ,2013/10/17,null
338,B00DY0J0K4,ワンピース アンリミテッドワールド R,3,1780 ,1690 ,70 ,2013/11/21,null
339,B00EY187TW,トリコ アルティメットサバイバル,3,4930 ,4290 ,1839 ,2013/11/28,null
340,B00EUWJ6BI,仮面ライダー トラベラーズ戦記,3,3580 ,3338 ,2970 ,2013/11/28,null
341,B00IYEPMFC,パックワールド,3,4154 ,4154 ,3998 ,2014/6/19,null
342,B00G564A18,マギ 新たなる世界,3,4749 ,4500 ,1040 ,2014/2/13,null
343,B00GT9JCSC,クレヨンしんちゃん 嵐を呼ぶ カスカベ映画スターズ!,3,3972 ,3972 ,245 ,2014/4/10,null
344,B00HZ5SJGA,名探偵コナン ファントム狂詩曲,3,4860 ,4860 ,99 ,2014/4/17,null
345,B00J7JRN96,ガンダムトライエイジ SP (早期購入者特典:ICカードを含めたカード7枚の超豪華セット 同梱),3,4984 ,4984 ,179 ,2014/7/17,null
346,B004MW3ZEA,アンチェインブレイズ レクス,3,4699 ,2290 ,11585 ,2011/7/14,null
347,B006G6KK0W,ドラえもん のび太と奇跡の島~アニマルアドベンチャー~,3,3352 ,1350 ,9142 ,2012/3/1,null
348,B00ALQB822,ドラえもん のび太のひみつ道具博物館,3,4640 ,2709 ,3731 ,2013/3/7,null
349,B00D11G4YG,エクステトラ,3,2590 ,2520 ,12411 ,2013/11/7,null
350,B00H1O765U,ドラえもん 新・のび太の大魔境 ペコと5人の探検隊,3,4069 ,3920 ,452 ,2014/3/6,null
351,B00IXGINDO,ハマトラ Look at Smoking World 予約特典(ハニーICカードステッカー) 付,3,5239 ,5239 ,4485 ,2014/7/17,null
352,B005OOY2Y2,F1 2011,3,6581 ,4369 ,5118 ,2011/12/22,null
353,B00HY37AS6,Maple Story 運命の少女(初回限定特典PCメイプルアイテムコード同梱),3,3881 ,3881 ,293 ,2014/4/24,null
354,B004N3BOVO,レイトン教授と奇跡の仮面(特典なし),3,6501 ,2840 ,1022 ,2011/2/26,null
355,B007620ZBY,ガールズRPG シンデレライフ (特典なし),3,2569 ,1820 ,4520 ,2012/3/8,null
356,B00AO0BT6U,ファンタジーライフ(特典なし),3,1260 ,1200 ,75 ,2012/12/27,null
357,B007UYAKR2,ダンボール戦機 爆ブースト,3,2877 ,809 ,3966 ,2012/7/5,null
358,B0081XMVU0,タイムトラベラーズ,3,2700 ,1872 ,2230 ,2012/7/12,null
359,B004GTLUIC,レイトン教授VS逆転裁判,3,1700 ,1200 ,260 ,2012/11/29,null
360,B00AZUYU9M,レイトン教授と超文明Aの遺産,3,4480 ,3550 ,451 ,2013/2/28,null
361,B00CDIHUAK,ダンボール戦機W 超カスタム,3,3590 ,2340 ,2290 ,2013/7/18,null
362,B00CDIHUE6,妖怪ウォッチ,3,4000 ,4000 ,5 ,2013/7/11,null
363,B00CZ5BPVG,ファンタジーライフ LINK!,3,4100 ,3630 ,588 ,2013/7/25,null
364,B00DSKMNUE,ダンボール戦機ウォーズ,3,4034 ,2550 ,752 ,2013/10/31,null
365,B00FKSUFY8,イナズマイレブンGO ギャラクシー ビッグバン,3,820 ,790 ,250 ,2013/12/5,null
366,B00FKSUG2E,イナズマイレブンGO ギャラクシー スーパーノヴァ,3,980 ,980 ,225 ,2013/12/5,null
367,B00JOYB31S,妖怪ウォッチ2 元祖 (永久同梱特典:ジバニャンメダル ニャイーン 同梱),3,4064 ,4064 ,2 ,2014/7/10,null
368,B00JOYB34K,妖怪ウォッチ2 本家 (永久同梱特典:ジバニャンメダル コマニャチ 同梱),3,4064 ,4064 ,1 ,2014/7/10,null
369,B00CSKUZQO,みんなでオートレース3D,3,4000 ,3885 ,7542 ,2013/3/7,null
370,B00E4HYASS,シャーロック・ホームズ パズルシティ,3,3927 ,3300 ,12607 ,2013/8/29,null
371,B00EEQ4QSS,メタルファイト ベイブレード 4DXZEROG アルティメットトーナメント,3,2449 ,2250 ,20254 ,2013/12/19,null
372,B00FWN90EM,メタルファイト・ベイブレード 4DXZEROG アルティメットトーナメント 同梱版,3,2480 ,2480 ,10178 ,2013/12/19,null
373,B00G6BYWGA,闘神都市,3,4680 ,3640 ,2009 ,2014/1/30,null
374,B008F4MHI6,哭牙 KOKUGA 初回生産,3,3108 ,1930 ,3550 ,2012/9/27,null
375,B006MB2ZR2,CODE OF PRINCESS,3,1530 ,918 ,805 ,2012/4/19,null
376,B00CL4X5QY,さよなら 海腹川背 (特典なし),3,2179 ,1820 ,5935 ,2013/6/20,null
377,B004QL7M0A,Cubic Ninja,3,1130 ,790 ,13048 ,2011/4/7,null
378,B007NTPSIA,ゴン バクバクバクバクアドベンチャー,3,3480 ,3340 ,5692 ,2012/6/14,null
379,B007TS6MPI,逃走中 史上最強のハンターたちからにげきれ!,3,3928 ,3029 ,548 ,2012/7/5,null
380,B008S7KEJY,おうちまいにちたまごっち,3,3338 ,2550 ,5629 ,2012/11/22,null
381,B0096HOHXY,でんぢゃらすじーさんと1000人のお友だち邪,3,1239 ,980 ,5756 ,2012/11/22,null
382,B0096HOPO0,NARUTO―ナルト―SD パワフル疾風伝,3,1730 ,1040 ,6126 ,2012/11/29,null
383,B009K1E5QK,トリコ グルメモンスターズ!,3,728 ,480 ,1262 ,2012/12/13,null
384,B00BBRRHB6,マギ はじまりの迷宮 (特典なし),3,3569 ,2964 ,8376 ,2013/2/21,null
385,B00BES7P78,ドラゴンボールヒーローズ アルティメットミッション (特典なし),3,5512 ,3330 ,748 ,2013/2/28,null
386,B00B47OBV2,名探偵コナン マリオネット交響曲,3,3380 ,3380 ,590 ,2013/4/25,null
387,B004J18DK0,リッジレーサー 3D,3,4444 ,1700 ,5350 ,2011/2/26,null
388,B004QTQ2XU,テイルズ オブ ジ アビス,3,4836 ,4139 ,419 ,2011/6/30,null
389,B0050MLQLU,PAC-MAN & Galaga DIMENSIONS (パックマン&ギャラガディメンションズ),3,3150 ,1880 ,4263 ,2011/6/23,null
390,B005OUJMCS,エースコンバット 3D クロスランブル,3,5512 ,4875 ,2030 ,2012/1/12,null
391,B0061J1N7I,TEKKEN 3D PRIME EDITION,3,4865 ,2450 ,1969 ,2012/2/16,null
392,B007TS6MWQ,太鼓の達人 ちびドラゴンと不思議なオーブ,3,3908 ,2940 ,338 ,2012/7/12,null
393,B005J2LV7U,クレヨンしんちゃん 宇宙DEアチョー!? 友情のおバカラテ!!,3,3060 ,2680 ,2297 ,2011/12/1,null
394,B0089JVUCQ,ロストヒーローズ,3,2800 ,1880 ,1691 ,2012/9/6,null
395,B0052IU8MU,うしみつモンストルオ ~リンゼと魔法のリズム~,3,6279 ,2630 ,11981 ,2011/7/21,null
396,B00DUROKRY,メタルマックス4 月光のディーヴァ 通常版,3,2880 ,2740 ,202 ,2013/11/7,null
397,B00DUROKSI,メタルマックス4 月光のディーヴァ Limited Edition,3,13330 ,8480 ,8097 ,2013/11/7,null
398,B00G6F06U2,Karous -The Beast of Re:Eden-,3,2970 ,2970 ,3006 ,2014/1/23,null
399,B00IKELPMA,IslandDays,3,5155 ,5155 ,2115 ,2014/6/26,null
400,B00I914W6U,メダロットDUAL カブトVer.（同梱特典：初回封入特典 限定機体データ付きARトレカ2枚入り）（外付け特典：早期購入者特典 DUALトレカホルダー付き）,3,,,12516 ,,null
401,B00HF84CG8,Pokemon X ポケットモンスターX (輸入版:台湾),3,,6776 ,56705 ,,null
402,B00G1Q5VCY,Pokemon Y ポケットモンスターY (輸入版:台湾),3,,,24684 ,,null
403,B004J18KX0,STEEL DIVER,3,3329 ,1520 ,5223 ,2011/5/12,null
404,B004J18KXK,nintendogs + cats トイ・プードル & Newフレンズ,3,3675 ,2350 ,1511 ,2011/2/26,null
405,B004J18KXA,nintendogs + cats フレンチ・ブル & Newフレンズ,3,3664 ,2596 ,6504 ,2011/2/26,null
406,B004J18KXU,nintendogs + cats 柴 & Newフレンズ,3,3675 ,2580 ,533 ,2011/2/26,null
407,B004K6L0FE,STARFOX64 3D(スターフォックス64 3D),3,3700 ,2660 ,4059 ,2011/7/14,null
408,B004K6L0EK,ゼルダの伝説 時のオカリナ 3D,3,4559 ,2748 ,324 ,2011/6/16,null
409,B0055BM2S2,スーパーポケモンスクランブル,3,3580 ,1471 ,1550 ,2011/8/11,null
410,B0069HR826,心霊カメラ ~憑いてる手帳~,3,3897 ,2490 ,2788 ,2012/1/12,null
411,B005119CMA,スーパーマリオ3Dランド,3,3763 ,2650 ,184 ,2011/11/3,null
412,B005TESN24,マリオカート7,3,3700 ,3095 ,98 ,2011/12/1,null
413,B004K6L0G8,新・光神話 パルテナの鏡,3,4560 ,2919 ,1387 ,2012/3/22,null
414,B006QGGOGQ,ファイアーエムブレム 覚醒,3,3780 ,3027 ,218 ,2012/4/19,null
415,B008DRISW4,New スーパーマリオブラザーズ 2,3,3872 ,2740 ,246 ,2012/7/28,null
416,B009LUE0U6,ポケモン不思議のダンジョン ~マグナゲートと∞迷宮(むげんだいめいきゅう)~,3,3320 ,1094 ,1114 ,2012/11/23,null
417,B009LUDMJQ,ペーパーマリオ スーパーシール,3,3709 ,1749 ,755 ,2012/12/6,null
418,B00B700Z9S,ルイージマンション2,3,3718 ,2540 ,243 ,2013/3/20,null
419,B00CEQZME2,ドンキーコング リターンズ 3D,3,4590 ,3247 ,496 ,2013/6/13,null
420,B00CFENFTM,マリオ&ルイージRPG4 ドリームアドベンチャー,3,3693 ,2090 ,659 ,2013/7/18,null
421,B00B20AG3S,ポケットモンスター X,3,3618 ,2932 ,34 ,2013/10/12,null
422,B00B20ANYK,ポケットモンスター Y,3,3400 ,2600 ,57 ,2013/10/12,null
423,B00FUQBWLU,３ＤＳ　ポケットモンスターＸ（ダウンロード版）,3,5680 ,5680 ,41441 ,,null
424,B00FUQPON2,３ＤＳ　ポケットモンスターＹ（ダウンロード版）,3,5680 ,5680 ,44392 ,,null
425,B00GW8TKP0,星のカービィ トリプルデラックス,3,3739 ,3679 ,23 ,2014/1/11,null
426,B00G54UDYI,ゼルダの伝説 神々のトライフォース2,3,3760 ,2920 ,118 ,2013/12/26,null
427,B00HF49I0C,カセキホリダー ムゲンギア,3,4000 ,3980 ,80 ,2014/2/27,null
428,B004KNYDEW,NARUTO-ナルト-疾風伝 忍立体絵巻!最強忍界決戦!,3,5137 ,2218 ,10036 ,2011/3/31,null
429,B00DS5TNUM,ハイスクールD×D 限定版(オリジナルイヤフォン&コードマネージャー付ストラップ含む5大特典同梱),3,7726 ,5280 ,8668 ,2013/12/19,null
430,B006FCX0G8,極限脱出ADV 善人シボウデス,3,4200 ,3849 ,2772 ,2012/2/16,null
431,B005663K9G,ニード・フォー・スピード ザ・ラン,3,8400 ,4900 ,16782 ,2011/12/8,null
432,B00DM23EEM,ディズニー エピックミッキー:ミッキーのふしぎな冒険,3,3546 ,2379 ,4991 ,2013/9/26,null
433,B00FLJU226,進撃の巨人 ~人類最後の翼~,3,4580 ,4340 ,56 ,2013/12/5,null
434,B00FLJU21M,ホームタウンストーリー,3,3590 ,2975 ,3382 ,2013/12/12,null
435,B00IDPQUX0,おさわり探偵 小沢里奈 ライジング3 ~なめこはバナナの夢を見るか? 早期購入特典 なめこのぬいぐるみ(ボールチェーン) 付,3,4665 ,4665 ,252 ,2014/5/1,null
436,B00CLMEPTC,エルミナージュ ゴシック 3D リミックス ~ウルム・ザキールと闇の儀式~,3,4642 ,4330 ,772 ,2013/9/5,null
437,B005SAST00,クッキングママ4,3,3967 ,3340 ,2513 ,2011/12/1,null
438,B00DFW94OS,ガーデニングママ:ママと森のなかまたち,3,3432 ,2580 ,6882 ,2013/9/26,null
439,B00F3X0H8E,クッキングママ5,3,5000 ,4140 ,4248 ,2013/11/21,null
440,B004J18DZU,スプリンターセル 3D,3,,2840 ,14959 ,2011/3/17,null
441,B004J18E04,ラビッツ タイム・トラベル,3,3579 ,1623 ,14391 ,2011/3/24,null
442,B004J18KZ8,コンバット オブ ジャイアント ダイナソー3D,3,6878 ,2490 ,8317 ,2011/2/26,null
443,B005KGPULS,ドライバー:レネゲイド3D,3,5675 ,3073 ,12581 ,2011/11/10,null
444,B0075004SG,レイマン オリジン,3,1996 ,1996 ,11379 ,2012/7/19,null
445,B0062GL3RA,タンタンの冒険 ユニコーン号の秘密,3,1810 ,1280 ,10011 ,2012/1/12,null
446,B004J18KYY,レイトン教授と奇跡の仮面 特典 3Dクリーナー付き,3,7450 ,5130 ,8521 ,2011/2/26,null
447,B004O4DZ0U,ワンピース アンリミテッドクルーズSP,3,4700 ,1719 ,1293 ,2011/5/26,null
448,B004WBA9OU,閃乱カグラ -少女達の真影- 特典 少女達の秘密ファイル ~ビジュアルブック&サントラ・ドラマCDセット~ 付き,3,15330 ,5989 ,7802 ,2011/9/22,null
449,B0062GL37K,女の子と密室にいたら○○しちゃうかもしれない。(初回購入特典「こころが水着に着替えたら。」ダウンロードカード同梱),3,1380 ,1380 ,1776 ,2012/3/15,null
450,B005MWBWUI,ガールズRPG シンデレライフ (早期購入者特典:バタフライチャーム 付き),3,4280 ,4280 ,9214 ,2012/3/8,null
451,B0083QKUT4,メダロット7 カブトVer. 特典 メダロットARトレカ付き,3,2716 ,1240 ,7041 ,2012/9/13,null
452,B0088LXKWI,メダロット7 クワガタVer. 特典 メダロットARトレカ付き,3,2980 ,1870 ,7683 ,2012/9/13,null
453,B002MZYEQW,ファンタジーライフ 特典 植松伸夫氏 ミニサントラCD付き,3,2780 ,1770 ,2740 ,2012/12/27,null
454,B00A30P6YC,マギ はじまりの迷宮 (特典 2大特典 1.激レア「ビックリマギシール」3枚セット 2.レアキャラ「モルジアナ(眷属器装備)」 同梱),3,9790 ,8000 ,8470 ,2013/2/21,null
455,B00AARWRCC,ドラゴンボールヒーローズ アルティメットミッション (ドラゴンボールヒーローズ筐体で使える特製カードセット 同梱),3,16978 ,9625 ,3882 ,2013/2/28,null
456,B00BS56PF0,さよなら 海腹川背 特典 オリジナルサウンドトラック付,3,4250 ,3498 ,4526 ,2013/6/20,null
457,B00DIZCNCW,魔界王子 devils and realist 代理王の秘宝 超豪華限定版 代理王選定BOX Amazon.co.jpオリジナル予約特典ドラマCD付,3,6301 ,5964 ,12257 ,2013/9/26,null
458,B00GHB9RTG,モンスターハンター4 モンスターハンター ハンティングトロフィー マグネットセット(マグネット1種類ランダム同梱),3,5480 ,5480 ,12113 ,2013/9/14,null
459,B004IWS1L6,3DS用スーパーモンキーボール3D,3,2638 ,1400 ,16606 ,2011/3/3,null
460,B005ILYEE4,Shinobi 3D,3,2642 ,980 ,10665 ,2011/11/17,null
461,B005IVG1KO,ソニック ジェネレーションズ 青の冒険,3,5515 ,3250 ,8581 ,2011/12/1,null
462,B00E0GKI2K,ソニック ロストワールド,3,4036 ,3950 ,996 ,2013/10/24,null
463,B00ECTGIRO,ヒーローバンク,3,4187 ,4015 ,140 ,2014/3/20,null
464,B004J18KY4,スーパーストリートファイターIV 3D EDITION,3,2655 ,1289 ,1515 ,2011/2/26,null
465,B005I0L8ZS,バイオハザード リベレーションズ,3,2880 ,2075 ,495 ,2012/1/26,null
466,B004P5OYF8,BIOHAZARD THE MERCENARIES 3D(バイオハザードザマーセナリーズ 3D),3,3150 ,1680 ,6203 ,2011/6/2,null
467,B004TIUU4A,謎惑館 ~音の間に間に~,3,1727 ,950 ,6663 ,2011/8/4,null
468,B005LML9ZC,モンスターハンター3G,3,6400 ,470 ,492 ,2011/12/10,null
469,B005N61XT8,モンスターハンター3G 拡張スライドパッドパック,3,5480 ,1390 ,6907 ,2011/12/10,null
470,B008KYK3B4,エクストルーパーズ,3,2570 ,1680 ,868 ,2012/11/22,null
471,B009PJRZUU,モンスターハンター3 (トライ) G Best Price!,3,780 ,707 ,66 ,2012/11/15,null
472,B00A0HTSZG,バイオハザード ザ・マーセナリーズ 3D Best Price!,3,2472 ,2099 ,1364 ,2012/12/13,null
473,B00BIYR47Y,バイオハザード ザ・マーセナリーズ3D & リベレーションズ バリューパック,3,6950 ,6780 ,4208 ,2013/3/22,null
474,B00BIYR48S,謎惑館 ~音の間に間に~ Best Price!,3,1408 ,1408 ,5056 ,2013/3/14,null
475,B00972R5B4,逆転裁判5,3,1880 ,1820 ,36 ,2013/7/25,null
476,B005MNP140,モンスターハンター4,3,2380 ,2250 ,6 ,2013/9/14,null
477,B00ED92U2U,ガイストクラッシャー,3,778 ,705 ,162 ,2013/12/5,null
478,B00C62H1XE,ガイストクラッシャー 爆アツ!ガイフォンセット,3,950 ,890 ,270 ,2013/12/5,null
479,B00FQD9AFW,バイオハザード リベレーションズ Best Price!,3,2500 ,2150 ,916 ,2013/11/21,null
480,B00I95ZXD2,逆転裁判123 成歩堂セレクション 限定版,3,5880 ,5880 ,123 ,2014/4/17,null
481,B00I95ZXCS,逆転裁判123 成歩堂セレクション,3,3300 ,3300 ,32 ,2014/4/17,null
482,B00JSPNQ04,【イーカプコン限定Ver.】 逆転裁判123 成歩堂セレクション 3DS 限定版 イーカプ限定特典付き   限定版イーカプコンVer.,3,10450 ,10450 ,4084 ,,null
483,B004K6L0I6,デビルサバイバー オーバークロック,3,7530 ,5390 ,1463 ,2011/9/1,null
484,B007CEKT12,世界樹の迷宮IV 伝承の巨神,3,5531 ,3150 ,547 ,2012/7/5,null
485,B007XQ5R84,デビルサマナー ソウルハッカーズ,3,3050 ,1750 ,643 ,2012/8/30,null
486,B00BIYSEFA,真・女神転生IV,3,3850 ,2280 ,555 ,2013/5/23,null
487,B00CIOQN70,デビルサバイバー2 ブレイクレコード(2014年発売予定),3,5136 ,5136 ,1116 ,,null
488,B00C38TVD4,新・世界樹の迷宮 ミレニアムの少女,3,3297 ,2650 ,364 ,2013/6/27,null
489,B00IKCFAY6,ペルソナQ シャドウ オブ ザ ラビリンス 特典サントラCD『PERSONAQ SOUND OF THE LABYRINTH』 付,3,6116 ,6116 ,12 ,2014/6/5,null
490,B005543IJQ,ピカピカナース物語,3,2753 ,1330 ,14007 ,2011/8/4,null
491,B0088VGH7I,わんニャンどうぶつ病院2,3,3979 ,3410 ,4707 ,2012/8/2,null
492,B009JXXK9C,ピカピカナース物語2,3,3320 ,3020 ,2267 ,2012/11/22,null
493,B009JXXM3G,オレ様キングダム イケメン彼氏をゲットしよ! もえキュン スクールデイズ,3,2272 ,1750 ,7377 ,2012/12/13,null
494,B00CTIHMKC,ビーストサーガ 最強激突コロシアム!,3,1580 ,1360 ,5426 ,2013/7/25,null
495,B00FF259HC,わんニャンペットショップ,3,3879 ,3550 ,3788 ,2013/11/28,null
496,B005LFHVHO,スライムもりもりドラゴンクエスト3 大海賊としっぽ団,3,3081 ,1679 ,2517 ,2011/11/2,null
497,B003T9VDBY,キングダム ハーツ 3D [ドリーム ドロップ ディスタンス],3,2780 ,2448 ,319 ,2012/3/29,null
498,B0073BLHBA,キングダム ハーツ 10th Anniversary 3D+Days+Re:coded BOX (初回生産限定版:ARカード同梱),3,15045 ,9680 ,14727 ,2012/3/29,null
499,B0079VGJ5S,ドラゴンクエストモンスターズ テリーのワンダーランド3D,3,4495 ,1689 ,403 ,2012/5/31,null
500,B008F29CRM,ブレイブリーデフォルト,3,4313 ,1575 ,391 ,2012/10/11,null
501,B009ICTMTQ,アルティメット ヒッツ スライムもりもりドラゴンクエスト3 大海賊としっぽ団,3,2390 ,2390 ,5537 ,2012/12/6,null
502,B009Z5XKJO,ドラゴンクエストVII エデンの戦士たち,3,3979 ,2040 ,154 ,2013/2/7,null
503,B00E97XJ1C,スカイランダーズ　スパイロの大冒険　スターターパック [Nintendo 3DS],3,4980 ,1339 ,13766 ,,null
504,B00BTVU1M6,超速変形ジャイロゼッター アルバロスの翼,3,2066 ,1489 ,2306 ,2013/6/13,null
505,B00EVN4T40,ブレイブリーデフォルト フォーザ・シークウェル,3,4181 ,3451 ,241 ,2013/12/5,null
506,B00GGDSQLA,ドラゴンクエストモンスターズ2 イルとルカの不思議なふしぎな鍵,3,4398 ,3500 ,60 ,2014/2/6,null
507,B004YA0DB8,ドクターロートレックと忘却の騎士団,3,1544 ,930 ,12793 ,2011/7/7,null
508,B004K6KMIA,アスファルト3D ニトロレーシング,3,9840 ,3150 ,9441 ,2011/3/10,null
509,B005DD27GE,フロッガー3D,3,,4740 ,14742 ,2011/9/22,null
510,B004K6L0FY,NEWラブプラス (通常版),3,4827 ,1339 ,2651 ,2012/2/14,null
511,B003T9VDGO,メタルギア ソリッド スネークイーター 3D,3,4835 ,4150 ,534 ,2012/3/8,null
512,B005MNEVIC,NEWラブプラス マナカアートブックセット (限定版:画集「Manaka/Mino☆Taro Illustrations」「G・F/Mino☆Taro Illustrations」同梱),3,12730 ,2800 ,16785 ,2012/2/14,null
513,B005MNEWEA,NEWラブプラス リンコアートブックセット (限定版:画集「Rinko/Mino☆Taro Illustrations」「G・F/Mino☆Taro Illustrations」同梱),3,11300 ,3700 ,16432 ,2012/2/14,null
514,B005MNEWTU,NEWラブプラス ネネアートブックセット (限定版:画集「Nene/Mino☆Taro Illustrations」「G・F/Mino☆Taro Illustrations」同梱),3,9830 ,3780 ,16280 ,2012/2/14,null
515,B005JA4WO6,ラビリンスの彼方,3,3780 ,2470 ,2212 ,2012/1/19,null
516,B00B4PANKM,Castlevania - Lords of Shadow - 宿命の魔鏡 (キャッスルヴァニア ロード オブ シャドウ さだめのまきょう),3,3923 ,3150 ,1093 ,2013/3/20,null
517,B00GTE6VEK,NEWラブプラス+,3,4684 ,4319 ,254 ,2014/3/27,null
518,B004J18KYE,戦国無双 Chronicle,3,5650 ,1989 ,2650 ,2011/2/26,null
519,B005MWBTCY,真・三國無双 VS,3,3690 ,1940 ,5905 ,2012/4/26,null
520,B00856WP18,戦国無双 Chronicle 2nd,3,5081 ,5022 ,341 ,2012/9/13,null
521,B007PMNJ90,洞窟物語3D,3,6456 ,3699 ,12696 ,2012/7/26,null
522,B005JWC9TY,薄桜鬼3D(限定版:ドラマCD/3Dカード(全3枚)同梱),3,9980 ,6650 ,13950 ,2011/11/24,null
523,B005JWC9OO,薄桜鬼3D(通常版),3,4845 ,4845 ,1563 ,2011/11/24,null
524,B00DS5TNWU,ハイスクールD×D 通常版,3,4465 ,3390 ,5173 ,2013/12/19,null
525,B00DE59DTM,Fate/kaleid liner プリズマ☆イリヤ 限定版 (デフォルメフィギュア&オリジナルボイスCD&描き下ろし特製クラスカード 同梱),3,7554 ,7554 ,2914 ,2014/7/31,null
526,B00DE59E50,Fate/kaleid liner プリズマ☆イリヤ 通常版,3,5133 ,5133 ,16827 ,2014/7/31,null
527,B00IHQ9W76,でんぢゃらすじーさんと1000人のお友だち邪  (初回封入特典：大集合！お友だち リバーシブルパッケージ) 封入版,3,1990 ,1990 ,17431 ,,null
