1,B005EZ5GYQ,NCIS(輸入版),2,2640,10020,2011年11月1日,null
2,B0016GC9D8,Alpha Protocol(輸入版:北米・アジア),2,1390,11018,2010年6月1日,null
3,B002BRYHY0,Resonance of Fate(輸入版:北米),2,3180,17747,2010年3月16日,null
4,B0044SA734,Kingdoms of Amalur: Reckoning(輸入版),2,2814,17303,2012年2月7日,null
5,B0032LTVX6,Dragon Age Origins Awakening (輸入版:北米・アジア),2,1450,31486,2010年3月16日,null
6,B004FYJFNA,MASS EFFECT 3(輸入版),2,1570,13948,2012年3月6日,null
7,B000GA75TI,Marvel: Ultimate Alliance(輸入版),2,11980,24984,2006年11月17日,null
8,B00BGA9V2Q,Diablo III (輸入版:北米),2,6593,8069,2013年9月3日,null
9,B002DC8GKO,Brink(輸入版),2,1480,11214,2011年5月17日,null
10,B004HYK8Y8,Elder Scrolls V: Skyrim(輸入版),2,1980,4159,2011年11月11日,null
11,B0050SWY5Q,Elder Scrolls V: Skyrim Collector's Edition(PS3) （輸入版　北米）,2,10300,23345,,null
12,B000GKCI4A,The Elder Scrolls IV: Oblivion(輸入版),2,2130,14296,2007年3月20日,null
13,B0065NP05G,Fallout: New Vegas Ultimate Edition(輸入版),2,2570,7738,2012年2月7日,null
14,B000TVT7U4,Elder Scrolls IV: Oblivion: Game of the Year Edition(輸入版),2,2379,26808,2007年10月16日,null
15,B000YTJR74,The Elder Scrolls IV: Shivering Isles(輸入版),2,3330,40510,2007年11月20日,null
16,B002BXKJ6O,Fallout 3 Game of the Year Edition(PS3 輸入版　北米）,2,3180,8641,,null
17,B00CJ7IUI6,The Elder Scrolls V: Skyrim Legendary Edition (輸入版:北米),2,5760,17296,2013年6月4日,null
18,B000FQ2DTA,Final Fantasy XIII(輸入版:北米),2,2970,3531,2010年3月9日,null
19,B003O6JIVE,Final Fantasy XIII-2(輸入版),2,2290,16004,2012年1月31日,null
20,B00946FSIA,Lightning Returns Final Fantasy XIII (輸入版:北米),2,6706,14443,2014年2月11日,null
21,B00BKWQA2Y,Kingdom Hearts HD 1.5 Remix (輸入版:北米),2,4080,7281,2013年9月10日,null
22,B0041OWQTO,Borderlands Game of the Year Edition(輸入版),2,2490,13865,2010年10月12日,null
23,B004NRN5EO,Dark Souls (輸入版),2,3327,4430,2011年10月4日,null
24,B00542ZQJO,Dark Souls (通常パッケージ版) (輸入版),2,13840,26704,2011年10月4日,null
25,B007A7UJ4S,Ni No Kuni: Wrath of the White Witch(輸入版:北米),2,2500,6007,2013年1月22日,null
26,B006YDPU48,Dark Souls II(輸入版:北米),2,9518,3958,2014年3月11日,null
27,B00B67ZTUW,Tales of Xillia Limited Edition (輸入版:北米),2,4280,24489,2013年8月6日,null
28,B00D87TCN8,Tales of Symphonia Chronicles (輸入版:北米),2,4457,13838,2014年2月25日,null
29,B00F6YD2AK,Dark Souls IIBlack Armor Edition (輸入版:北米),2,6769,3571,2014年3月11日,null
30,B004CD8NUK,Demon's Souls with Soundtrack CD (輸入版),2,11232,32607,2010年11月19日,null
31,B006IOAHPK,South Park Stick of Truth (輸入版:北米),2,6635,1344,2014年3月4日,null
32,B00182QCZ6,Overlord: Raising Hell(輸入版),2,1790,12965,2008年6月24日,null
33,B005DVAAZG,Atelier Totori: The Adventurer of Arland (輸入版),2,5290,17105,2011年9月27日,null
34,B006MBZZSI,Hyperdimension Neptunia Mk2(輸入版),2,4280,28373,2012年2月28日,null
35,B00BJH11FQ,Time And Eternity (輸入版:北米),2,1950,14890,2013年7月16日,null
36,B00BJH11F6,Disgaea D2 A Brighter Darkness (輸入版:北米),2,2990,15482,2013年10月8日,null
37,B002I0K898,DC Universe Online (PS3 輸入版　北米）オンライン専用,2,1990,21828,,null
38,B00J22636W,Bound by Flame(輸入版:北米),2,5400,11249,2014年5月9日,null
39,B009PFV3E8,テイルズ オブ エクシリア2 (特典なし),2,2913,517,2012年11月1日,null
40,B00DQOSB1C,ライトニング リターンズ ファイナルファンタジーXIII 初回限定特典DLC「FINAL FANTASY VII」ソルジャー1st(ウェア・武器・盾3点セット)同梱&Amazon.co.jpオリジナル特典DLC和風甲冑衣装付き,2,10350,2687,2013年11月21日,null
41,B002PK0KL2,ニーア レプリカント 特典 ミニアルバム「ウラギリノコエ」付き,2,19800,13335,2010年4月22日,null
42,B00HE4KBWW,超ヒロイン戦記 (初回封入特典「ペラかみちゅう体温計」ゲームオリジナルキャラクターイラスト台紙付き、紙製の体温計 同梱& Amazon.co.jpオリジナル特典ビジュアルガイドブック付),2,19800,10777,2014年2月6日,null
43,B004M5ISNK,DARK SOULS (ダークソウル) 特典「特製マップ&オリジナルサウンドトラック」付き,2,8363,853,2011年9月22日,null
44,B0053APBWE,テイルズ オブ エクシリア (初回特典:「15th Anniversaryプロダクトコード」&「PS3カスタムテーマ(全10種)プロダクトコード」同梱),2,6210,3310,2011年9月8日,null
45,B00J8G7WGM,シャリーのアトリエ ~黄昏の海の錬金術士~ (ダウンロードコード 同梱) Amazon.co.jp限定特典PC壁紙 付,2,7344,1980,2014年6月26日,null
46,B00J8G7WLW,シャリーのアトリエ ~黄昏の海の錬金術士~ プレミアムボックス (ダウンロードコード 同梱) Amazon.co.jp限定特典PC壁紙 付,2,10584,179,2014年6月26日,null
47,B00F9VJY20,DARK SOULSII(通常版) 特典 特製マップ&オリジナルサウンドトラック+Amazon.co.jp限定特典 「咎人の杖」&「咎人のレザーシールド」 武器セット利用コード付,2,10350,618,2014年3月13日,null
48,B00F9VK0MS,DARK SOULSIIコレクターズエディション(特典 特製マップ&オリジナルサウンドトラック同梱)+Amazon.co.jp限定特典 「咎人の杖」&「咎人のレザーシールド」 武器セット利用コード付,2,15150,3619,2014年3月13日,null
49,B0053WOYBQ,第2次スーパーロボット大戦OG COMPLETE BD BOX,2,17050,1285,2012年11月29日,null
50,B000OZ50SI,マーベル アルティメット アライアンス,2,15398,9863,2007年6月28日,null
51,B003JKK2GA,剣と魔法と学園モノ。2G,2,1710,9838,2010年7月22日,null
52,B003U2SE8A,剣と魔法と学園モノ。3,2,1960,7100,2010年10月7日,null
53,B004AM6C56,Wizardry -ツインパック-,2,2820,14352,2011年1月27日,null
54,B005RUB4S0,ウィザードリィ パーフェクトパック,2,6760,3050,2011年12月8日,null
55,B00HPSVLQC,WARNER THE BEST ウォー・イン・ザ・ノース:ロード・オブ・ザ・リング,2,2627,827,2014年3月6日,null
56,B00G0AGZ80,テイルズ オブ シンフォニア　ユニゾナントパック　ララビットマーケット特装版,2,13520,12324,,null
57,B00GD8PO3G,超ヒロイン戦記,2,6100,1553,2014年2月6日,null
58,B00HIYO07U,第3次スーパーロボット大戦Z 時獄篇,2,6330,23,2014年4月10日,null
59,B00IOEJNKC,PS3 最強セーブデータ ライトニングリターンズ FF13-3,2,2320,2416,,null
60,B00ALCZL5Q,PS3 FF13 ファイナルファンタジー13　序盤最強セーブデータ,2,2320,27170,,null
61,B00ALDA2DG,PS3 FF13-2●ファイナルファンタジー13-2★最強セーブデータ★,2,2320,13421,,null
62,B001BWPKA6,The Elder Scrolls IV: オブリビオン PLAYSTATION 3 the Best,2,5150,1486,2008年9月4日,null
63,B001C3MNBI,The Elder Scrolls IV: オブリビオン Game of the Year Edition,2,4480,8520,2010年4月22日,null
64,B0019JRKPY,Fallout 3(フォールアウト 3)【CEROレーティング「Z」】,2,15670,9257,2009年1月15日,null
65,B002RL96ZA,Fallout 3(フォールアウト3) PlayStation 3 the Best【CEROレーティング「Z」】,2,,4092,2009年11月26日,null
66,B002RL970E,Fallout 3(フォールアウト3): 追加コンテンツパック【CEROレーティング「Z」】(※本編が無いと遊べません。),2,6350,11350,2009年12月3日,null
67,B003XT6YCS,Fallout: New Vegas (フォールアウト:ニューベガス) 【CEROレーティング「Z」】,2,1250,1076,2010年11月4日,null
68,B006QH5XHQ,Fallout: New Vegas PlayStation3 the Best【CEROレーティング「Z」】,2,1800,17807,2012年3月22日,null
69,B005OOY2TW,The Elder Scrolls V : Skyrim 【CEROレーティング「Z」】,2,5339,686,2011年12月8日,null
70,B006QH5UXS,Fallout: New Vegas Ultimate Edition【CEROレーティング「Z」】,2,4712,2594,2012年3月22日,null
71,B007620WQ2,Fallout 3: Game of the Year PS3 the Best【CEROレーティング「Z」】,2,3018,1050,2012年4月26日,null
72,B007620X70,The Elder Scrolls IV: Oblivion Game of the Year PS3 the Best,2,3018,3074,2012年4月26日,null
73,B00COH40LW,The Elder Scrolls V: Skyrim Legendary Edition 【CEROレーティング「Z」】,2,7170,1036,2013年6月27日,null
74,B00COH40JE,The Elder Scrolls V: Skyrim PlayStation3 the Best 【CEROレーティング「Z」】,2,3136,1393,2013年6月27日,null
75,B00JP5GEMY,ロストディメンション 追加「コスチューム&クエスト」プロダクトコード 付,2,6535,872,2014年8月7日,null
76,B00509CJSW,AngelLoveOnline (オンライン専用),2,999,5075,2011年7月7日,null
77,B005JA9XMW,二ノ国 白き聖灰の女王,2,1988,1232,2011年11月17日,null
78,B0081O1114,二ノ国 白き聖灰の女王 オールインワン・エディション,2,3281,1840,2012年7月19日,null
79,B0046ECA54,Borderlands Game of The Year Edition,2,11150,4603,2010年12月22日,null
80,B0076U4SBE,Borderlands Game of The Year Edition,2,3589,1880,2012年4月5日,null
81,B008AS72UK,Borderlands 2 (ボーダーランズ2) 【CEROレーティング「Z」】,2,2980,1820,2012年10月25日,null
82,B00GI6OXEE,ボーダーランズ2 ゲーム・オブ・ザ・イヤー・エディション,2,4081,313,2014年1月16日,null
83,B005DVVV6S,劇場版マクロスF ~サヨナラノツバサ~ Blu-ray Disk Hybrid Pack (通常版) (PS3専用ソフト収録),2,5350,2877,2011年10月20日,null
84,B008N8TA5W,時と永遠~トキトワ~LIMITED EDITION (初回封入特典:ダウンロードコード同梱),2,3959,8012,2012年10月11日,null
85,B008N8TPK2,時と永遠~トキトワ~(通常版),2,1445,3699,2012年10月11日,null
86,B00A8E0KZS,マクロス30~銀河を繋ぐ歌声~ 30周年記念 超銀河箱,2,20350,4788,2013年2月28日,null
87,B00A8E0L4S,マクロス30~銀河を繋ぐ歌声~ (通常版),2,6140,967,2013年2月28日,null
88,B001FSJFR0,トラスティベル ~ショパンの夢~ ルプリーズ(特典なし),2,3554,1312,2008年9月18日,null
89,B002OB3ST8,テイルズ オブ ヴェスペリア(特典なし),2,10350,1401,2009年9月17日,null
90,B002LAQKCE,トラスティベル ~ショパンの夢~ ルプリーズ PLAYSTATION 3 the Best,2,3050,8128,2009年9月3日,null
91,B0088VGTLW,テイルズ オブ ヴェスペリア PlayStation3 the Best,2,3118,267,2012年8月2日,null
92,B005CHXNGY,テイルズ オブ エクシリア (特典なし),2,5293,702,2011年9月8日,null
93,B0088VGSSQ,テイルズ オブ グレイセス エフ PlayStation3 the Best,2,2990,382,2012年8月2日,null
94,B0033UVH74,アルトネリコ3 世界終焉の引鉄は少女の詩が弾く (特典なし),2,3491,2330,2010年1月28日,null
95,B0053WOXYO,第2次スーパーロボット大戦OG (通常版),2,3450,364,2012年11月29日,null
96,B0055MYU7W,アルトネリコ3 世界終焉の引鉄は少女の詩が弾く PlayStation 3 the Best,2,2950,7149,2011年8月4日,null
97,B00HIYNVWA,NAtURAL DOCtRINE,2,5671,1243,2014年4月3日,null
98,B00CIONVQG,ティアーズ・トゥ・ティアラII 覇王の末裔 (設定資料集&ミニサントラCD&追加武器/キャラクタープロダクトコード同梱)Amazon.co.jpオリジナル特典A6クリアファイル付,2,15980,6700,2013年10月31日,null
99,B004VJWOCI,マスエフェクト 2 ボーナスコンテンツ コレクション,2,2530,3986,2011年6月23日,null
100,B005LM0R8W,マスエフェクト 3,2,2679,5606,2012年3月15日,null
101,B007QQVHXU,EA BEST HITS マスエフェクト2 ボーナスコンテンツ コレクション,2,2850,4054,2012年6月21日,null
102,B00AEKIWZQ,EA BEST HITS マスエフェクト 3,2,2737,7345,2013年2月21日,null
103,B000SQ1BPY,The Elder ScrollsIV:オブリビオン,2,7350,6704,2007年9月27日,null
104,B002VUB33A,セイクリッド2,2,4740,4564,2010年2月10日,null
105,B00428LYLA,セイクリッド2 PlayStation 3 The Best,2,2400,6528,2010年11月11日,null
106,B004AM6C10,Dragon Age:Origins,2,3119,1367,2011年1月27日,null
107,B004LVO4HY,Dragon Age:Origins - Awakening (本製品は拡張パックのため、単体ではプレイできません),2,1160,1998,2011年3月17日,null
108,B005SASJ0A,Dragon Age:Origins PlayStation 3 the Best (ダウンロードコード同梱),2,3272,1373,2011年1月1日,null
109,B006JHDUH8,Dragon Age II (ドラゴンエイジII),2,2607,984,2012年2月2日,null
110,B008F4MUEC,キングダムズ オブ アマラー:レコニング,2,6420,1055,2012年9月20日,null
111,B0095ET8SW,Dead Island: Zombie of the Year Edition【CEROレーティング「Z」】,2,3227,1342,2012年11月1日,null
112,B00CHH7FYI,Dead Island: Riptide 【CEROレーティング「Z」】,2,4320,1042,2013年7月11日,null
113,B001XCW6R4,ロロナのアトリエ ~アーランドの錬金術師~(通常版),2,9730,5743,2009年6月25日,null
114,B0024NJY62,ロロナのアトリエ プレミアムボックス(「特製クリスタルペーパーウェイト」同梱),2,17150,10944,2009年6月25日,null
115,B003DSGZBY,トトリのアトリエ~アーランドの錬金術士2~(通常版),2,10800,3679,2010年6月24日,null
116,B003V1XCAK,ロロナのアトリエ ~アーランドの錬金術士~ PlayStation3 the Best,2,3358,5046,2010年9月23日,null
117,B004Q7DGCM,トトリのアトリエ ~アーランドの錬金術士2~ PS3 the Best,2,3907,3612,2011年5月26日,null
118,B004RDISSW,メルルのアトリエ ~アーランドの錬金術士3~(通常版),2,3370,3962,2011年6月23日,null
119,B004T7PLD6,メルルのアトリエ ~アーランドの錬金術士3~ (プレミアムボックス:ペーパーウェイト/ねんどろいどぷらす メルルチャーム同梱),2,6830,4145,2011年6月23日,null
120,B007NDJE86,メルルのアトリエ~アーランドの錬金術士3~ PS3 the Best,2,3200,640,2012年5月31日,null
121,B007NDJF1W,ロロナのアトリエ~アーランドの錬金術士~ PS3 the Best(価格改定版),2,2310,1752,2012年5月31日,null
122,B007NDJENG,トトリのアトリエ~アーランドの錬金術士2~ PS3 the Best(価格改定版),2,2382,345,2012年5月31日,null
123,B007PBNFPY,アーシャのアトリエ ~黄昏の大地の錬金術士~ (通常版),2,3409,557,2012年6月28日,null
124,B007PBNK0Y,アーシャのアトリエ ~黄昏の大地の錬金術士~ プレミアムボックス,2,5930,3995,2012年6月28日,null
125,B00C2JTFJE,エスカ&ロジーのアトリエ ~黄昏の空の錬金術士~ (通常版),2,5320,641,2013年6月27日,null
126,B00C2JTUKI,エスカ&ロジーのアトリエ ~黄昏の空の錬金術士~ プレミアムボックス(初回特典(PlayStation2アーカイブス 「マナケミア2 ~おちた学園と錬金術士たち~」 ダウンロードコード)同梱),2,7800,2175,2013年6月27日,null
127,B00BWJ297A,ガストベストプライス アーシャのアトリエ ~黄昏の大地の錬金術士~,2,3180,1090,2013年5月23日,null
128,B00EEY38YS,新・ロロナのアトリエ はじまりの物語 ~アーランドの錬金術士~,2,5139,742,2013年11月21日,null
129,B00EEY38V6,新・ロロナのアトリエ はじまりの物語 ~アーランドの錬金術士~ プレミアムボックス (初回封入特典(オリジナルコスチューム「ピーチバケイション」ダウンロードコード) 同梱),2,10330,4860,2013年11月21日,null
130,B00FIYOOO6,アルノサージュ ~生まれいずる星へ祈る詩~,2,5457,413,2014年3月6日,null
131,B00GLFR4C0,アルノサージュ ~生まれいずる星へ祈る詩~ AGENT PACK,2,13980,1105,2014年3月6日,null
132,B00IXGINJS,エスカ&ロジーのアトリエ ~黄昏の空の錬金術士~ PlayStation3 the Best,2,3330,1354,2014年5月29日,null
133,B00J88WC7Y,シャリーのアトリエ ~黄昏の海の錬金術士~ (ダウンロードコード 同梱),2,5949,69,2014年6月26日,null
134,B00J88WC74,シャリーのアトリエ ~黄昏の海の錬金術士~ プレミアムボックス (ダウンロードコード 同梱),2,8581,114,2014年6月26日,null
135,B001H9NV3G,Demon's Souls(デモンズソウル),2,29850,1871,2009年2月5日,null
136,B001NXCNMG,白騎士物語 -古の鼓動-(特典なし),2,2888,5883,2008年12月25日,null
137,B003LVY5CE,白騎士物語 -光と闇の覚醒-,2,2320,970,2010年7月8日,null
138,B0032JTHGO,Demon's Souls(デモンズソウル) PlayStation 3 the Best,2,4258,657,2010年2月25日,null
139,B00509CK5O,白騎士物語 -光と闇の覚醒- PlayStation 3 the Best,2,2409,2350,2011年7月14日,null
140,B0028IBTLG,FALLOUT NEW VEGAS(輸入版:北米・アジア),2,2780,13949,2010年10月19日,null
141,B007G4SH1M,トゥーワールド2(新価格版)【CEROレーティング「Z」】,2,1650,3305,2012年5月24日,null
142,B00AF5XPA2,リズン2 ダークウォーター 【CEROレーティング「Z」】,2,2190,7259,2013年2月28日,null
143,B000IN8GH8,ENCHANT ARM(エンチャント・アーム),2,2200,12523,2007年1月25日,null
144,B0018TNQRG,エンチャント・アーム PLAYSTATION 3 the Best,2,2300,10093,2008年7月3日,null
145,B002M76PB2,3D ドットゲームヒーローズ,2,1520,4959,2009年11月5日,null
146,B0058FWBSQ,DARK SOULS (ダークソウル)(特典なし),2,4750,610,2011年9月22日,null
147,B00F9VJRCC,DARK SOULSII(通常版),2,5863,32,2014年3月13日,null
148,B00F9VJRTA,DARK SOULSIIコレクターズエディション(特典 特製マップ&オリジナルサウンドトラック同梱),2,14150,6050,2014年3月13日,null
149,B009HKAY0K,英雄伝説 空の軌跡FC:改 HD EDITION,2,2999,816,2012年12月13日,null
150,B00AK802TQ,英雄伝説 空の軌跡SC:改 HD EDITION,2,3745,788,2013年4月25日,null
151,B00BVYS3BW,英雄伝説 空の軌跡the 3rd:改 HD EDITION,2,3215,1636,2013年6月27日,null
152,B00D2MS762,英雄伝説 閃の軌跡 (通常版),2,4279,771,2013年9月26日,null
153,B00D2MS7L2,英雄伝説 閃の軌跡 (限定ドラマCD同梱版),2,6175,1619,2013年9月26日,null
154,B00JK9F5T8,英雄伝説 閃の軌跡 スーパープライス,2,4205,4074,2014年6月26日,null
155,B000W01WNC,戦場のヴァルキュリア(通常版),2,8300,1982,2008年4月24日,null
156,B0012PIF9K,戦場のヴァルキュリア リミテッドボックス,2,17310,16612,2008年4月24日,null
157,B001P05A9K,戦場のヴァルキュリア PLAYSTATION 3 the Best,2,5550,2318,2009年3月5日,null
158,B00266QNZC,End of Eternity (エンド オブ エタニティ),2,7280,1191,2010年1月28日,null
159,B0046ECA68,SEGA THE BEST End of Eternity,2,4340,6520,2010年12月9日,null
160,B004UDMDZI,戦場のヴァルキュリア PlayStation3 the Best,2,3170,2662,2011年6月30日,null
161,B00D5OOFW2,End of Eternity SEGA THE BEST,2,2427,651,2013年8月29日,null
162,B00BY020CQ,ドラゴンズクラウン,2,3488,408,2013年7月25日,null
163,B0056XAV00,ウォー・イン・ザ・ノース:ロード・オブ・ザ・リング,2,4248,11346,2012年4月19日,null
164,B000FNQXEO,ファイナルファンタジーXIII,2,5169,264,2009年12月17日,null
165,B002PAQCS2,スターオーシャン4 インターナショナル,2,4330,1991,2010年2月4日,null
166,B004LVO474,アルティメットヒッツ ニーア レプリカント,2,3172,494,2011年4月21日,null
167,B004LVO4AQ,アルティメットヒッツ スターオーシャン4 -THE LAST HOPE-INTERNATIONAL,2,3227,1977,2011年4月21日,null
168,B004YA0GWY,ダンジョン シージ3,2,1677,5441,2011年7月28日,null
169,B00503118C,アルティメットヒッツ ファイナルファンタジーXIII,2,3240,2049,2011年7月21日,null
170,B003T9VDDW,デウスエクス【CEROレーティング「Z」】,2,2676,2700,2011年10月20日,null
171,B004K6L0DG,ファイナルファンタジーXIII-2,2,1930,440,2011年12月15日,null
172,B00AQCKH96,キングダム ハーツ -HD 1.5 リミックス-,2,5472,145,2013年3月14日,null
173,B00DNV40KO,ドラッグ オン ドラグーン3,2,3990,359,2013年12月19日,null
174,B00CXL3KH4,ライトニング リターンズ ファイナルファンタジーXIII,2,5030,216,2013年11月21日,null
175,B00CR9WQLS,アルティメット ヒッツ ファイナルファンタジーXIII-2,2,2370,7056,2013年7月18日,null
176,B00CR9WQMC,ファイナルファンタジーXIII-2 デジタルコンテンツセレクション,2,3870,2000,2013年7月18日,null
177,B00DCQWXP4,ファイナルファンタジーXIV: 新生エオルゼア(特典無し),2,2880,280,2013年8月27日,null
178,B00CPZWCMM,ファイナルファンタジーXIV:  新生エオルゼア コレクターズエディション,2,9150,5769,2013年8月27日,null
179,B00ENA6G1U,ファイナルファンタジー X/X-2 HD Remaster,2,5963,213,2013年12月26日,null
180,B00FS0M8Y8,ディアブロIII,2,6299,173,2014年1月30日,null
181,B001Q3LKYA,ファイナルファンタジーVII アドベントチルドレン コンプリート(限定版：PS3版「ファイナルファンタジーXIII」体験版同梱) Blu-ray Disc,2,2305,3696,2009年4月16日,null
182,B001Q9EI4S,PLAYSTATION 3(160GB) ファイナルファンタジーVII アドベントチルドレン コンプリート Blu-ray Disk(PS3版:「ファイナルファンタジーXIII」体験版同梱)【メーカー生産終了】,2,59800,17819,2009年4月16日,null
183,B001R4BA0W,大航海時代Online ~Cruz del Sur~,2,2884,19528,2009年4月28日,null
184,B002MZYU6Q,大航海時代 Online ~El Oriente~ (「限定シリアル入り神話カード (5枚) 」同梱),2,2579,16213,2009年12月15日,null
185,B002BH3GKQ,トリニティ ジルオール ゼロ(通常版),2,1443,2032,2010年11月25日,null
186,B0045UB5QO,信長の野望 Online 新星の章(通常版),2,2984,12379,2010年12月22日,null
187,B003V1XC9G,トリニティ ジルオール ゼロ(プレミアムBOX:ビジュアルブック、 オリジナルサウンドトラックCD、キャラクターポストカードセット同梱) 特典 オリジナルコスチューム ダウンロード用プロダクトコード付き,2,3846,15375,2010年11月25日,null
188,B004FGM5Y4,大航海時代 Online ~Tierra Americana~ (通常版),2,1448,2408,2011年2月22日,null
189,B004FGM5WQ,大航海時代 Online ~Tierra Americana~ プレミアムBOX,2,13225,20056,2011年2月22日,null
190,B006FS13LQ,信長の野望 Online ~鳳凰の章~(通常版),2,3470,5043,2012年3月7日,null
191,B006FS1460,信長の野望 Online ~鳳凰の章~(プレミアムBOX),2,19000,13097,2012年3月7日,null
192,B006QH5Z4W,真・三國無双 Online ~龍神乱舞~(通常版)Amazon.co.jpオリジナル特典DLシリアル付き,2,1317,3891,2012年3月15日,null
193,B006QH5ZEC,真・三國無双 Online ~龍神乱舞~ TREASURE BOX  Amazon.co.jpオリジナル特典DLシリアル付き,2,2980,14231,2012年3月15日,null
194,B008DRIP22,大航海時代 Online 2nd Age (通常版),2,2494,10384,2012年9月20日,null
195,B009X20HI6,信長の野望Online 10周年記念BOX,2,14500,1765,2013年1月24日,null
196,B00CFEGRHE,信長の野望Online ~天下夢幻の章~(通常版),2,6650,3109,2013年7月10日,null
197,B00CFEGRNS,信長の野望Online ~天下夢幻の章~ TREASURE BOX,2,11350,9585,2013年7月10日,null
198,B000W01WMI,魔界戦記ディスガイア3(限定版),2,13150,13215,2008年1月31日,null
199,B000X9XS3E,魔界戦記ディスガイア3(通常版),2,4677,2413,2008年1月31日,null
200,B002EL478E,魔界戦記ディスガイア3 ラズベリル編はじめました。,2,1329,14283,2009年9月17日,null
201,B002MZYEQM,ラストリベリオン,2,1298,2200,2010年1月28日,null
202,B0043RT8U4,魔界戦記ディスガイア4(通常版),2,5440,5698,2011年2月24日,null
203,B0058FW9U6,魔界戦記ディスガイア4 フーカ&デスコ編はじめました。(数量限定アペンド版:特製デスコフィギュア&マキシサントラ同梱),2,1644,7034,2011年10月27日,null
204,B0058FW9OC,魔界戦記ディスガイア4 フーカ&デスコ編はじめました。(通常版),2,4440,5645,2011年10月27日,null
205,B0060G3ZEQ,魔女と百騎兵 (初回限定版),2,10340,1726,2013年7月25日,null
206,B0060G415I,魔女と百騎兵 (通常版),2,4955,1175,2013年7月25日,null
207,B006D7IEXE,迷宮塔路レガシスタ,2,3339,6380,2012年3月15日,null
208,B00BIW8H5Y,Z/X (ゼクス) 絶界の聖戦,2,1978,8916,2013年5月23日,null
209,B008U4WZJ2,神様と運命革命のパラドクス (初回限定版),2,9385,9322,2013年1月24日,null
210,B008U4WRDQ,神様と運命革命のパラドクス (通常版),2,2779,1154,2013年1月24日,null
211,B009SK6UV6,ディスガイア D2 (初回限定版),2,7827,6153,2013年3月20日,null
212,B009SK6TXA,ディスガイア D2 (通常版),2,3049,1817,2013年3月20日,null
213,B00D6EGKK6,アルカディアスの戦姫,2,4650,2802,2013年9月26日,null
214,B00IWMOYU0,神様と運命覚醒のクロステーゼ 初回限定版 オリジナルラジオCD「神様と運命覚醒のクロステーゼ×日本一RADIO  特別版」付き 付,2,7772,752,2014年7月24日,null
215,B00IWMOYO6,神様と運命覚醒のクロステーゼ オリジナルラジオCD「神様と運命覚醒のクロステーゼ×日本一RADIO  特別版」付き 付,2,5871,1672,2014年7月24日,null
216,B000SRVHWU,アガレスト戦記,2,22800,4967,2007年9月27日,null
217,B001C0BWYK,クロスエッジ,2,3459,6812,2008年9月25日,null
218,B001UHNPIG,CHセレクション アガレスト戦記,2,3490,15855,2009年5月28日,null
219,B0022NH99S,アガレスト戦記ZERO(限定版),2,6900,7207,2009年6月25日,null
220,B0021L8S0U,アガレスト戦記ZERO(通常版),2,4840,12669,2009年6月25日,null
221,B00292AR4Q,トリニティ・ユニバース(通常版),2,2327,10514,2009年10月1日,null
222,B002R59HHS,CHセレクション クロスエッジ,2,2480,22658,2009年12月10日,null
223,B004WBA9U4,超次元ゲイム ネプテューヌmk2 (限定版),2,23884,7067,2011年8月18日,null
224,B004WBA9TK,超次元ゲイム ネプテューヌmk2 (通常版),2,5159,6804,2011年8月18日,null
225,B0052QN8JM,CHセレクション 超次元ゲイムネプテューヌ,2,3254,2808,2011年7月21日,null
226,B005VASZCO,圧倒的遊戯ムゲンソウルズ(通常版),2,3540,9590,2012年3月22日,null
227,B007F8ITGW,CHセレクション アガレスト戦記2,2,3140,4537,2012年5月24日,null
228,B007QQVGNG,CHセレクション 超次元ゲイム ネプテューヌmk2,2,3180,1205,2012年6月14日,null
229,B00810VSM0,神次元ゲイム ネプテューヌV(神限定版),2,15850,5150,2012年8月30日,null
230,B00810VQO0,神次元ゲイム ネプテューヌV(通常版),2,5827,1739,2012年8月30日,null
231,B00B7ZB6K0,CHセレクション 圧倒的遊戯 ムゲンソウルズ,2,2850,14054,2013年4月25日,null
232,B00AXTLWLO,圧倒的遊戯ムゲンソウルズZ (限定版) 圧倒的豪華収納BOX,2,4980,4765,2013年1月1日,null
233,B00AV56RC4,圧倒的遊戯ムゲンソウルズZ (通常版),2,4539,5062,2013年4月25日,null
234,B00D41P548,フェアリーフェンサー エフ リミテッドエディション (限定版:オリジナル小説&秘密のデートCD&特製クリアカード同梱),2,6550,3591,2013年10月10日,null
235,B003I4EBE6,超次元ゲイム ネプテューヌ(限定版:サウンドトラックCD、特製トート型エコバック同梱),2,32580,4920,2010年8月19日,null
236,B003I4EBDW,超次元ゲイム ネプテューヌ(通常版),2,8680,1929,2010年8月19日,null
237,B003OUVI4K,CHセレクション アガレスト戦記ZERO,2,2230,6143,2010年8月26日,null
238,B003VTY03K,アガレスト戦記2(限定版),2,9200,6838,2010年11月18日,null
239,B003VTY03U,アガレスト戦記2(通常版),2,8750,11291,2010年11月18日,null
240,B000TKZ146,ティアーズ・トゥ・ティアラ -花冠の大地-(初回限定版:「原画設定資料集」&「オリジナルサウンドトラック」同梱),2,8399,6596,2008年7月17日,null
241,B002EL479S,ティアーズ・トゥ・ティアラ 外伝-アヴァロンの謎-(初回限定版),2,2488,5540,2009年9月17日,null
242,B002EL47A2,ティアーズ・トゥ・ティアラ 外伝-アヴァロンの謎-(通常版),2,2058,2299,2009年9月17日,null
243,B00F5MWN0S,ティアーズ・トゥ・ティアラ2 覇王の末裔 (通常版)Amazon.co.jpオリジナル特典なし,2,5840,7843,2013年10月31日,null
244,B00F5MRQ00,ティアーズ・トゥ・ティアラ2 覇王の末裔 (設定資料集&ミニサントラCD&追加武器/キャラクタープロダクトコード同梱)Amazon.co.jpオリジナル特典なし,2,4270,522,2013年10月31日,null
245,B001W101N2,BioShock 2 (PS3)（輸入版）,2,4793,13821,,null
246,B004MXM7WU,X-Men Destiny(輸入版),2,2380,22420,2011年9月27日,null
247,B0058VI2LA,Rune Factory Tides of Destiny(PS3 輸入版　北米）,2,2290,33461,,null
248,B000ZK695U,White Knight Chronicles(輸入版:北米),2,1640,33468,2010年2月2日,null
249,B0087OY17Y,Mugen Souls(PS3 輸入版　北米）,2,4190,38061,,null
250,B002I0J6KU,Dragon's Dogma(輸入版),2,2390,26136,2012年5月22日,null
251,B000J0R3G0,白騎士物語 -古の鼓動- 特典 LEVEL-5×PlayStation スペシャルサウンドトラックCD付き,2,1941,13105,2008年12月25日,null
252,B003KMCHTC,THE SIM 3(輸入版:北米・アジア),2,2290,31124,2010年10月26日,null
253,B005I445QS,【輸入版】Final Fantasy XIII (Japanese language Version)【アジア版】,2,3805,37030,,null
254,B004WL4LOY,White Knight Chronicles II(輸入版),2,5901,31838,2011年9月13日,null
255,B001C4C4KW,Disgaea 3 Absence of Justice(輸入版),2,2154,31057,2008年8月26日,null
256,B007543I12,The Elder Scrolls IV Oblivion: 5th Anniversary Edition (PS3) (輸入版),2,3980,31393,,null
257,B0047TLIBU,Dragon Age II (PS3 輸入版　北米）,2,2190,29215,,null
258,B007PXIVOW,PS3 Game of Thrones 　北米版,2,27140,32897,,null
259,B00ALD6VJA,PS3 FF13-2●ファイナルファンタジー13-2★最強セーブデータ★,2,2320,39911,,null
