528,B006VB2V54,Asphalt: Injection(輸入版),7,2990 ,2990 ,35585 ,2012/2/14,null
529,B006VB2W0S,Dungeon Hunter Alliance(輸入版),7,2690 ,2690 ,40506 ,2012/2/14,null
530,B007BJNR6C,Assassins Creed III Liberation (輸入版:北米),7,2590 ,1950 ,15346 ,2012/10/30,null
531,B00D7QXAY2,Rayman Legends (輸入版:北米),7,2989 ,2989 ,6626 ,2013/9/3,null
532,B0050SW1JK,Virtua Tennis 4(輸入版),7,2390 ,2390 ,10703 ,2012/2/14,null
533,B006NYWLTU,Super Monkey Ball Banana Splitz (輸入版:北米),7,2190 ,2190 ,45222 ,2012/10/23,null
534,B008OQTR1U,Sonic & All-Stars Racing Transformed (輸入版:北米),7,2750 ,2750 ,5717 ,2012/12/18,null
535,B005UDTT7C,Ultimate Marvel vs Capcom 3(輸入版),7,2950 ,2950 ,16138 ,2012/2/14,null
536,B006JI3Q7G,FIFA Soccer(輸入版),7,3008 ,2030 ,27844 ,2012/2/14,null
537,B006WQR39M,Madden NFL 13 (輸入版:北米),7,6450 ,5490 ,4271 ,2012/8/28,null
538,B00CD90R7M,FIFA 14 (輸入版:北米),7,4975 ,4965 ,7636 ,2013/9/24,null
539,B0050SW8AC,WipEout 2048(輸入版),7,1980 ,1980 ,20165 ,2012/2/14,null
540,B006MO221S,Dynasty Warriors NEXT(輸入版),7,2990 ,2990 ,40792 ,2012/2/22,null
541,B006NYWLLI,Ninja Gaiden Sigma Plus(輸入版),7,2380 ,2380 ,36787 ,2012/2/22,null
542,B00H45K6LW,Toukiden The Age of Demons (輸入版:北米),7,4300 ,2780 ,9051 ,2014/2/11,null
543,B00DWXV1E6,ANGRY BIRDS STAR WARS（輸入版・北米）,7,4350 ,4350 ,46868 ,,null
544,B00EPFEUKM,The Amazing Spider-Man (輸入版 北米),7,4442 ,4442 ,1332 ,2013/11/19,null
545,B006VB2W08,Lumines: Electronic Symphony(輸入版),7,1390 ,1390 ,17356 ,2012/2/14,null
546,B006476318,Silent Hill Book of Memories (輸入版:北米),7,1825 ,1825 ,28317 ,2012/10/16,null
547,B008277N12,FIFA Soccer 13(PSV 輸入版　北米）,7,3200 ,3200 ,37857 ,,null
548,B0074LJ3CE,Mortal Kombat(輸入版),7,2300 ,2240 ,1693 ,2012/5/1,null
549,B0050SW33E,ModNation Racers: Road Trip(輸入版),7,2812 ,2812 ,10170 ,2012/2/14,null
550,B002I0GY9G,Army Corps of Hell(輸入版),7,2060 ,2060 ,42993 ,2012/2/22,null
551,B00DJ42BUQ,Deus Ex Human Revolution: Director's Cut(輸入版:北米),7,3420 ,3420 ,22198 ,2013/10/22,null
552,B00HD4R5RW,Final Fantasy X/X-2 HD Remaster (輸入版:北米),7,4280 ,4280 ,11468 ,2014/3/18,null
553,B00HYRVOUM,Disney Epic Mickey 2 The Power of Two (輸入版:北米) PSVita,7,5679 ,5679 ,22672 ,,null
554,B00HLT0YT0,Borderlands 2(輸入版:北米),7,5400 ,5400 ,1092 ,2014/5/13,null
555,B006603W7Q,MLB 12 The Show(輸入版),7,1877 ,1440 ,6782 ,2012/3/6,null
556,B0050SW794,Reality Fighters(PSVITA 輸入版　北米）,7,2147 ,2147 ,31266 ,,null
557,B0050SW2NA,LittleBigPlanet(PSVITA 輸入版　北米）,7,3000 ,3000 ,15294 ,,null
558,B0050SWYTC,Killzone Mercenary (輸入版:北米),7,3470 ,3470 ,6348 ,2013/9/10,null
559,B0050SW8OS,Uncharted: Golden Abyss(輸入版),7,3376 ,3376 ,16626 ,2012/2/14,null
560,B0050SW7PI,Little Deviants(輸入版),7,1790 ,1790 ,30705 ,2012/2/14,null
561,B0050SW93S,Resistance Burning Skies(輸入版),7,2479 ,2479 ,27469 ,2012/5/29,null
562,B009791CW0,MLB 13 The Show (輸入版:北米),7,2580 ,2279 ,8117 ,2013/3/5,null
563,B00CMD7574,Jak and Daxter Collection (輸入版:北米),7,3349 ,3349 ,10911 ,2013/6/18,null
564,B00GHIPFDG,MLB14 The Show(北米版),7,4863 ,4680 ,1027 ,2014/4/1,null
565,B00E8JZILA,Walking Dead（輸入版）,7,3064 ,3064 ,1646 ,,null
566,B00G237L7Y,God of War Collection(輸入版:北米),7,4320 ,4320 ,11688 ,2014/5/6,null
567,B006FRNAAE,Ridge Racer (PSVITA 輸入版　北米）,7,3090 ,3090 ,41208 ,,null
568,B006FRNASG,Shinobido 2: Revenge of Zen(輸入版),7,2990 ,2990 ,27071 ,2012/2/21,null
569,B006FRNBB2,Touch My Katamari(輸入版),7,2090 ,2090 ,39330 ,2012/2/21,null
570,B007VJ06Q6,Dragon's Crown (輸入版:北米),7,3990 ,3990 ,19051 ,2013/8/6,null
571,B006ZPAY46,Unit 13(輸入版),7,2379 ,2379 ,25477 ,2012/3/6,null
572,B006WJ6YH6,Rayman Origins(輸入版),7,2290 ,2290 ,11528 ,2012/2/14,null
573,B006FRMVIQ,Disgaea 3: Absence of Detention(輸入版),7,4230 ,4230 ,29162 ,2012/4/17,null
574,B00DVPMVIU,Danganronpa Trigger Happy Havoc (輸入版:北米),7,4570 ,4570 ,13213 ,2014/2/11,null
575,B00DVPMYXC,Demon Gaze(輸入版:北米),7,5400 ,5400 ,18359 ,2014/4/22,null
576,B007UM59AM,Street Fighter x Tekken(PSV 輸入版　北米）,7,3430 ,3430 ,13850 ,,null
577,B0090WBXR8,Ragnarok Odyssey(PSV 輸入版　北米）,7,4930 ,4930 ,32538 ,,null
578,B00BAWXD7E,Valhalla Knights 3 (輸入版:北米),7,3487 ,3487 ,31154 ,2013/10/15,null
579,B00BAWXCP2,Ys Memories of Celceta (輸入版:北米),7,5893 ,5893 ,31579 ,2013/11/5,null
580,B00G6S2N8W,Ragnarok Odyssey ACE (輸入版:北米),7,4570 ,4570 ,24635 ,2014/3/11,null
581,B005X6QNT8,Ben 10 Galactic Racing(輸入版),7,2490 ,2490 ,33998 ,2012/2/15,null
582,B006P5RWCS,Lego Harry Potter: Years 5-7(輸入版),7,1950 ,1950 ,6450 ,2012/3/6,null
583,B0088MVOU2,LEGO Lord of the Rings (輸入版:北米),7,2580 ,2570 ,6414 ,2012/10/30,null
584,B0088MVOD4,Spy Hunter(輸入版:北米),7,2190 ,2190 ,43453 ,2012/10/9,null
585,B00B7XCDCM,Lego Marvel Super Heroes (輸入版:北米),7,3931 ,3900 ,5906 ,2013/10/22,null
586,B00B73PFL8,LEGO Legends of Chima  Laval's Journey (輸入版:北米),7,3173 ,3173 ,26020 ,2013/6/18,null
587,B00C7103C0,Batman Arkham Origins Blackgate (輸入版:北米),7,4013 ,4013 ,26319 ,2013/10/25,null
588,B00ECOAX20,The Lego Movie Videogame (輸入版:北米),7,3205 ,3205 ,9877 ,2014/2/7,null
589,B006DS7D2G,BlazBlue: Continuum Shift EXTEND(輸入版),7,2390 ,2390 ,40513 ,2012/2/14,null
590,B007FMSDUK,Zero Escape Virtue's Last Reward(PSV 輸入版　北米）,7,3090 ,3090 ,26671 ,,null
591,B00B7ELWAU,Muramasa Rebirth (輸入版:北米),7,4080 ,4080 ,11370 ,2013/6/25,null
592,B009GSX252,朧村正 劇伴撰集（サントラCD） ヴァニラウェア特製ジャケット仕様付,7,8199 ,7299 ,6661 ,2013/3/28,null
593,B00H73Y9PK,初音ミク -Project DIVA- F 2nd (初回特典 とどけ、ひびけコード同梱)予約特典 どこでもランドリーバッグ& Amazon.co.jpオリジナル特典フェイククレジットカード付,7,6350 ,6350 ,1310 ,2014/3/27,null
594,B00H98XCJW,To LOVEる-とらぶる- ダークネス バトルエクスタシー (限定版)予約特典オリジナルコスチューム「メイド服」が手に入るPDC&Amazon.co.jp限定特典「モモ」描き下ろし着せ替えジャケット付,7,9698 ,9698 ,178 ,2014/5/22,null
595,B00HE4KP8W,超ヒロイン戦記 (初回封入特典「ペラかみちゅう体温計」ゲームオリジナルキャラクターイラスト台紙付き、紙製の体温計 同梱& Amazon.co.jpオリジナル特典ビジュアルガイドブック付),7,14000 ,14000 ,11173 ,2014/2/6,null
596,B00HFQZI2W,超女神信仰 ノワール 激神ブラックハート(通常版) 特典ビジュアルブック&Amazon.co.jp限定特典 PC壁紙 付(2014/5/29注文分まで),7,7344 ,7344 ,13748 ,2014/5/29,null
597,B00IEV7YAQ,"英雄*戦姫(限定版)(オリジナルポーチ、マーリン""メタルチャーム 同梱) 予約特典:メタルチャームセット、「平賀源内」DLC+ Amazon.co.jp限定PC&PlayStation Vita壁紙 付""",7,9504 ,9504 ,7254 ,2014/5/29,null
598,B00IC9V8HU,いますぐお兄ちゃんに妹だっていいたい! (限定版) (高級4wayトリコット素材使用「両面描き下ろし抱き枕カバー」 同梱) Amazon.co.jp限定PC壁紙 付,7,10788 ,10788 ,3218 ,2014/4/24,null
599,B00HZZ08MI,ヴァルハラナイツ3 GOLD (初回封入特典「冬だッ!ビキニだッ!! JAIL(ジェイル/監獄)でイク「天国と地獄ツアー」ご招待券(DLプロダクトコード)」 同梱)+「これぞ究極の絶対防御ボディペイントアーマー  ピュアなホワイト(DLプロダクトコード)」+ 「Amazon.co.jp限定特典これぞ究極の絶対防御ボディペイントアーマー 小悪魔ブラック(DLプロダクトコード)」付,7,12340 ,5480 ,9064 ,2014/2/27,null
600,B00G8SUO4A,ぷよぷよテトリス特典「ぷよぷよ! ! クエスト」シリアルコード(★4アルルver.ぷよテト、王冠ぷよ5種セット)付,7,5950 ,5950 ,7323 ,2014/2/6,null
601,B00IJ6G5LU,ガールズ&パンツァー 戦車道、極めます! ライバルは宝物BOX  Amazon.co.jp限定特典ポストカードセット付,7,10778 ,10778 ,64 ,2014/6/26,null
602,B00IJ6H4C4,ガールズ&パンツァー 戦車道、極めます!Amazon.co.jp限定特典ポストカードセット付,7,7172 ,7172 ,4913 ,2014/6/26,null
603,B00G3XHEW0,AKIBA'S TRIP 2,7,,,871 ,2013/11/7,null
604,B00IZAF9GM,IA/VT -COLORFUL-,7,4236 ,4236 ,297 ,2014/7/31,null
605,B00IZAH4ZG,IA/VT -COLORFUL-クリスタルBOX,7,9979 ,9979 ,155 ,2014/7/31,null
606,B00IOC0O1Q,BLAZBLUE CHRONOPHANTASMA BLAZBLUE オリジナル保護シート&Amazon.co.jp限定 PC壁紙 付,7,6264 ,6264 ,363 ,2014/4/24,null
607,B00IOC16CC,魔都紅色幽撃隊 幽撃ウォーカー(A5サイズ冊子)&Amazon.co.jp限定 PC壁紙 付,7,7344 ,7344 ,1860 ,2014/4/10,null
608,B00G21VK3C,Jスターズ ビクトリーVS アニソンサウンドエディション（予約特典：「Jスターズビクトリーブック」付）,7,11440 ,8650 ,2694 ,2014/3/19,null
609,B00G21VQ2M,Jスターズ ビクトリーVS（予約特典：「Jスターズビクトリーブック」付）,7,7800 ,6849 ,1872 ,2014/3/19,null
610,B00J00SHBK,ROBOTICS;NOTES ELITE(通常版) 特典Amazon.co.jp限定PC壁紙付(6/26注文分まで),7,7140 ,7140 ,9288 ,2014/6/26,null
611,B00J00SH0Q,ROBOTICS;NOTES ELITE(限定版)(ROBOTICS;NOTES ELITE Official Design Works 同梱)特典Amazon.co.jp限定PC壁紙特典付(6/26注文分まで),7,9504 ,9504 ,1941 ,2014/6/26,null
612,B00GZFQRYM,うた組み575 575鳩寺女子学園入学プレミアムパック (限定版)予約特典 &Amazonオリジナル特典PC壁紙3サイズ(小豆と抹茶) 付(2014/1/31注文分まで),7,7854 ,7854 ,15416 ,2014/1/23,null
613,B00EVP8RGY,超次次元ゲイム ネプテューヌRe;Birth1 (限定版)予約特典シチュエーションCD&Amazonオリジナル特典PC壁紙(パープルハート)付(2013/10/30注文分まで),7,13350 ,13350 ,11587 ,2013/10/31,null
614,B00EXE018A,超次次元ゲイム ネプテューヌRe;Birth1 (通常版),7,,,1010 ,2013/10/31,null
615,B00IOHHPEU,CROSSCHANNEL ~For all people~ (通常版) Amazon.co.jp限定PC壁紙 付,7,7344 ,7344 ,23018 ,2014/6/26,null
616,B00IOHHPVS,CROSSCHANNEL ~For all people~ (限定版) (特製ブックレット、特製缶バッジセット 同梱) Amazon.co.jp限定PC壁紙 付,7,9504 ,9504 ,14562 ,2014/6/26,null
617,B005MNM2G0,BLAZBLUE CONTINUUM SHIFT EXTEND,7,2680 ,2148 ,5425 ,2011/12/17,null
618,B00E52GCHE,月英学園 -kou-,7,4871 ,4498 ,5842 ,2013/10/10,null
619,B00E52GCO2,月英学園 -kou- Limited Edition,7,9270 ,7230 ,11186 ,2013/10/10,null
620,B00C3CCIGM,ARC SYSTEM WORKS Best Selection BLAZBLUE CONTINUUM SHIFT EXTEND,7,2363 ,2290 ,11460 ,2013/5/23,null
621,B00CI2W4B6,XBLAZE CODE:EMBRYO,7,3379 ,2080 ,5095 ,2013/7/25,null
622,B00IAFJVQG,BLAZBLUE CHRONOPHANTASMA BLAZBLUE オリジナル保護シート付,7,5247 ,5247 ,35 ,2014/4/24,null
623,B00IAFJVM0,魔都紅色幽撃隊 幽撃ウォーカー,7,5659 ,4330 ,309 ,2014/4/10,null
624,B00INNEB6A,アルカナハート3 LOVE MAX!!!!! 愛情特盛り!!!!!ドラマCD付,7,5871 ,5871 ,1129 ,2014/5/29,null
625,B006VPL6BA,TOEIC TEST 実戦特訓,7,2991 ,2275 ,10835 ,2012/3/22,null
626,B0076U4YD6,ネクレボ 英文法徹底特訓,7,4022 ,3478 ,7464 ,2012/4/26,null
627,B007F8IQTC,ネクレボ 行政書士試験,7,3076 ,2954 ,16867 ,2012/5/31,null
628,B007R0ID4Q,ネクレボ 基本情報技術者試験,7,4336 ,3830 ,17273 ,2012/6/28,null
629,B007R0ID9G,ネクレボ 応用情報技術者試験,7,3155 ,3155 ,16729 ,2012/6/28,null
630,B007R0IDDW,ネクレボ ITパスポート試験,7,3567 ,3479 ,17556 ,2012/6/28,null
631,B0081O11EG,ネクレボ FP技能検定試験2級,7,2275 ,1480 ,23190 ,2012/7/26,null
632,B0081O11UU,ネクレボ FP技能検定試験3級,7,3260 ,2978 ,19934 ,2012/7/26,null
633,B0088VGX6S,ネクレボ 宅建試験,7,4350 ,3479 ,17848 ,2012/8/23,null
634,B0088VGW6E,ネクレボ 情報セキュリティスペシャリスト試験 ネットワークスペシャリスト試験,7,2757 ,2757 ,7951 ,2012/8/23,null
635,B008H0HGBQ,ネクレボ 社会福祉士試験,7,2060 ,2060 ,19861 ,2012/9/27,null
636,B008U4X1ZE,ネクレボ 介護福祉試験,7,3568 ,3479 ,17300 ,2012/10/25,null
637,B009KDXWQW,数学力王 初級 中1レベル (2013年発売予定),7,1910 ,1910 ,9121 ,2013/5/30,null
638,B009KDXX5M,数学力王 中級 中2レベル (2013年発売予定),7,1880 ,1880 ,9142 ,2013/5/30,null
639,B009KDXXMK,数学力王 上級 中3レベル (2013年発売予定),7,2330 ,2330 ,16174 ,2013/5/30,null
640,B00A2M24V4,ネクレボ 中小企業診断士試験1,7,3270 ,3270 ,18566 ,2013/2/7,null
641,B00A2M24SC,ネクレボ 中小企業診断士試験2,7,3881 ,3350 ,21393 ,2013/2/7,null
642,B00AHRZLT6,ネクレボ 社労士試験,7,2710 ,2710 ,22943 ,2013/2/21,null
643,B00ECX5KN8,内定! 就活完全対策 (ES・SPI・面接),7,2713 ,2713 ,19256 ,2013/10/31,null
644,B00BB8VXCE,ネクレボ 第二種電気工事士試験 (発売日未定),7,3927 ,3927 ,35810 ,,null
645,B00BB8VXEC,ネクレボ 第三種電気主任技術者試験 (発売日未定),7,3927 ,3927 ,20446 ,,null
646,B00BB8VYM8,TOEIC (R) TEST実戦特訓2,7,3050 ,2930 ,13746 ,2013/4/25,null
647,B00BPL5WG0,ネクレボ秘書検定試験,7,1790 ,1790 ,13042 ,2013/1/1,null
648,B00C65WZ0K,ネクレボ ケアマネジャー試験,7,3400 ,3400 ,2707 ,2013/6/27,null
649,B008EQEK1W,DJMAX TECHNIKA TUNE (限定版:ビジュアルブック&サウンドトラックCD 2枚組み&オリジナルストラップ同梱),7,,11640 ,9530 ,2012/9/27,null
650,B009P0IE22,WRC 3 FIA ワールドラリーチャンピオンシップ,7,6190 ,5045 ,9387 ,2013/1/31,null
651,B00B8OATMG,迷宮クロスブラッド∞ (インフィニティ),7,4862 ,3350 ,4499 ,2013/4/25,null
652,B00DS5SOMK,BEST HIT セレクション DJMAX TECHNIKA TUNE,7,4575 ,3490 ,17927 ,2013/9/26,null
653,B005MNO1OQ,DREAM C CLUB(ドリームクラブ)ZERO PORTABLE,7,4268 ,2890 ,1241 ,2011/12/17,null
654,B0089JVVZ2,地球防衛軍 3 PORTABLE ダブル入隊パック (初回封入特典:プロダクトコード同梱),7,6314 ,4840 ,2250 ,2012/9/27,null
655,B0089JVVDY,地球防衛軍 3 PORTABLE,7,4550 ,3678 ,1907 ,2012/9/27,null
656,B00ECX5KSS,ドリームクラブZERO ポータブル PlayStation Vita the Best,7,2427 ,2427 ,1071 ,2013/10/10,null
657,B0072B3EJ4,ニコリの数独V珠玉の12パズル,7,3800 ,3268 ,18051 ,2012/4/12,null
658,B00AQCKJJO,神咒神威神楽 曙之光(初回限定版) ビジュアルファンブック+オリジナルドラマCD  同梱,7,8109 ,5369 ,4335 ,2013/4/25,null
659,B00AQCKJHQ,神咒神威神楽 曙之光(通常版),7,4950 ,3980 ,3816 ,2013/4/25,null
660,B009GSX0A4,閃乱カグラ SHINOVI VERSUS -少女達の証明- (通常版),7,6600 ,3173 ,406 ,2013/2/28,null
661,B009GSWZHS,ヴァルハラナイツ3,7,1658 ,930 ,2381 ,2013/5/23,null
662,B009GSX1EE,閃乱カグラ SHINOVI VERSUS -少女達の証明- 限定版『にゅうにゅうDXパック』,7,19530 ,6979 ,4989 ,2013/2/28,null
663,B00BMHVWYI,朧村正 (特典無し),7,4590 ,2880 ,1910 ,2013/3/28,null
664,B00GI6OXBM,ヴァルハラナイツ3 GOLD,7,3800 ,3190 ,779 ,2014/2/27,null
665,B00HWKWW16,閃乱カグラ SHINOVI VERSUS -少女達の証明- PlayStation Vita the Best,7,3318 ,3318 ,248 ,2014/3/6,null
666,B00HWL6K18,朧村正 PlayStation Vita the Best,7,2972 ,2800 ,628 ,2014/3/6,null
667,B0087NFV88,銀星将棋 強天怒闘風雷神,7,3950 ,3480 ,15303 ,2012/8/9,null
668,B005LUK932,墨鬼 SUMIONI,7,1268 ,975 ,3283 ,2012/2/9,null
669,B007QZXEBO,orgarhythm (オルガリズム),7,1180 ,1040 ,8392 ,2012/8/9,null
670,B00C7NM90C,MIND≒0 (マインド/ゼロ),7,880 ,684 ,542 ,2013/8/1,null
671,B00ES5BI18,AKIBA'S TRIP 2,7,4600 ,3380 ,871 ,2013/11/7,null
672,B005N4S92Y,モンスターレーダー,7,870 ,460 ,4663 ,2011/12/17,null
673,B007QQVFS2,ハローキティといっしょ! ブロッククラッシュＶ,7,3250 ,2790 ,8261 ,2012/6/7,null
674,B0071TMZXI,スロッターマニアV BLACK LAGOON,7,9980 ,4319 ,9946 ,2012/3/15,null
675,B00BLGZP5M,スロッターマニアV 絶対衝激II,7,4720 ,3840 ,9698 ,2013/4/18,null
676,B00E5Y5WIW,バットマン:アーカム・ビギンズ ブラックゲート,7,4290 ,3970 ,7247 ,2013/12/5,null
677,B00FMQVBU0,インジャスティス:神々(ヒーロー)の激突,7,4600 ,4230 ,3050 ,2013/12/19,null
678,B005MNMUYY,ラグナロク オデッセイ,7,1469 ,457 ,1351 ,2012/2/2,null
679,B007XQ4IDY,Dokuro,7,1900 ,1639 ,1497 ,2012/7/5,null
680,B00BPL5RPQ,ラグナロク オデッセイ PlayStation Vita the Best,7,1798 ,816 ,16986 ,2013/4/25,null
681,B00C6XKKZE,ラグナロク オデッセイ エース,7,2327 ,1220 ,1303 ,2013/8/29,null
682,B007FQUEZ8,Metal Gear Solid HD Collection(輸入版),7,7237 ,7237 ,17188 ,2012/6/12,null
683,B005N4JQ62,@field (アットフィールド),7,1481 ,1379 ,14766 ,2012/3/29,null
684,B0090VSR9G,PS VITA Madden NFL 13 アジア版,7,,18150 ,43510 ,,null
685,B009DXPX16,【HG特典付き】PS VITA Silent Hill: Book of Memories アジア版,7,,,53926 ,,null
686,B009LFRYUY,【HG特典付き】PS VITA WRC 3 アジア版,7,,,44769 ,,null
687,B00CPZW4ZC,スーパーロボット大戦OGサーガ 魔装機神III PRIDE OF JUSTICE,7,2298 ,1310 ,2431 ,2013/8/22,null
688,B00E083O1U,GOD EATER 2,7,4280 ,2910 ,191 ,2013/11/14,null
689,B00C0ODG3M,ガンダムブレイカー,7,5372 ,4340 ,1156 ,2013/10/31,null
690,B00F3X1EIG,機動戦士ガンダムSEED BATTLE DESTINY PlayStation Vita the Best,7,2427 ,2277 ,1213 ,2013/11/7,null
691,B00EZF3UTE,真・ガンダム無双,7,5372 ,3690 ,770 ,2013/12/19,null
692,B00FB01XN2,劇場版 魔法少女まどか☆マギカ The Battle Pentagram 限定版BOX (初回同梱特典 マミさんに電話できる! ボイスワールド「巴マミのホットライン」 同梱),7,18127 ,6730 ,3300 ,2013/12/19,null
693,B00FB01XLY,劇場版 魔法少女まどか☆マギカ The Battle Pentagram 通常版,7,4672 ,3638 ,624 ,2013/12/19,null
694,B00G21VJXS,ドラゴンボールZ BATTLE OF Z,7,5026 ,3310 ,1639 ,2014/1/23,null
695,B00IP0UYNK,Jスターズ ビクトリーVS アニソンサウンドエディション(特典なし),7,7740 ,6430 ,1335 ,2014/3/19,null
696,B00IP11F4G,Jスターズ ビクトリーVS(特典なし),7,6260 ,4890 ,706 ,2014/3/19,null
697,B00GD8PO68,超ヒロイン戦記,7,5500 ,4340 ,1266 ,2014/2/6,null
698,B00H1RLO1E,ガールズ&パンツァー 戦車道、極めます! ライバルは宝物BOX,7,10687 ,10687 ,221 ,2014/6/26,null
699,B00HHL365Q,ガールズ&パンツァー 戦車道、極めます!,7,5863 ,5863 ,496 ,2014/6/26,null
700,B00HFXRTPE,ソードアート・オンライン ―ホロウ・フラグメント― 初回限定生産版 (初回封入特典「ゲーム内で使用出来るスペシャル衣装が解放される」プロダクトコード 同梱),7,10500 ,10500 ,8 ,2014/4/24,null
701,B00HFXRMGA,ソードアート・オンライン ―ホロウ・フラグメント― (初回封入特典「ゲーム内で使用出来るスペシャル衣装が解放される」プロダクトコード 同梱),7,5299 ,5299 ,3 ,2014/4/24,null
702,B00I59WOSO,第3次スーパーロボット大戦Z 時獄篇,7,5630 ,5125 ,28 ,2014/4/10,null
703,B00JK9JOSG,ワンピース アンリミテッドワールド R (初回封入特典「限定コスチュームや追加クエストが入手できるダウンロードコード」 同梱),7,5027 ,5027 ,607 ,2014/6/12,null
704,B0081O12QS,萌え萌え大戦争☆げんだいばーん ++(ぷらすぷらす) (通常版),7,4672 ,4098 ,3818 ,2012/8/2,null
705,B0081O12AO,萌え萌え大戦争☆げんだいばーん ++(ぷらすぷらす) (プレミアムエディション),7,20150 ,7444 ,19152 ,2012/8/2,null
706,B009X78B9I,戦極姫3~天下を切り裂く光と影~ (通常版),7,4672 ,4513 ,2406 ,2013/1/31,null
707,B009X787UG,戦極姫3~天下を切り裂く光と影~ (豪華限定版),7,10400 ,5980 ,17873 ,2013/1/31,null
708,B00C65WZ0U,三極姫2~天下覇統・獅志の継承者~ (通常版),7,4340 ,3690 ,18095 ,2013/6/27,null
709,B00C65WYZG,三極姫2~天下覇統・獅志の継承者~【豪華限定版】,7,7740 ,4960 ,17446 ,2013/6/27,null
710,B00J009CHI,戦極姫4~争覇百計、花守る誓い~ (通常版),7,5695 ,5695 ,1406 ,2014/6/19,null
711,B00J009CGY,戦極姫4~争覇百計、花守る誓い~ (限定版) (オリジナルノベルブック+ドラマCD 同梱),7,8187 ,8187 ,1375 ,2014/6/19,null
712,B00DTQNJGY,日本プロ麻雀連盟公認 もっと20倍! 麻雀が強くなる方法 ~初中級者編~,7,2400 ,2400 ,6010 ,2013/12/19,null
713,B00DTQOABC,日本プロ麻雀連盟推薦 とことん麻雀!  女流プロに挑戦!  徹萬女神 スペシャル,7,2395 ,2395 ,14295 ,2013/12/19,null
714,B00CYA732W,エクステトラ,7,1880 ,1845 ,350 ,2013/11/7,null
715,B00H9A4GRC,To LOVEる-とらぶる- ダークネス バトルエクスタシー (通常版) 予約特典オリジナルコスチューム「メイド服」が手に入るプロダクトコードカード付,7,8970 ,8970 ,74 ,2014/5/22,null
716,B00H9A4FFU,To LOVEる-とらぶる- ダークネス バトルエクスタシー (限定版) 予約特典オリジナルコスチューム「メイド服」が手に入るプロダクトコードカード付,7,8649 ,8649 ,1179 ,2014/5/22,null
717,B00JP5GEOW,ロストディメンション 追加「コスチューム&クエスト」プロダクトコード 付,7,5717 ,5717 ,345 ,2014/8/7,null
718,B005N4JCTS,F1 2011,7,2700 ,1539 ,5880 ,2011/12/17,null
719,B00JR0R6Y2,爽海バッカニアーズ!,7,5081 ,5081 ,265 ,2014/7/17,null
720,B00JR0R6YC,爽海バッカニアーズ! 限定版,7,6354 ,6354 ,1186 ,2014/7/17,null
721,B0081CXKEC,タイムトラベラーズ,7,1799 ,1732 ,1749 ,2012/7/12,null
722,B008XF5WP2,ダンボール戦機W (特典なし),7,2339 ,1430 ,2958 ,2012/10/18,null
723,B0070SSPZW,PS VITA　MLB 12: The Show　アジア版,7,,,35372 ,,null
724,B00776PH30,PS VITA　MLB 12: The Show　北米版,7,2099 ,2099 ,18242 ,,null
725,B007NDKCZA,PS VITA LEGO Harry Potter: Years 5-7 　アジア版,7,,,54501 ,,null
726,B007PX9PGK,PS VITA Disgaea 3: Absence of Detention　 北米版,7,,13850 ,45993 ,,null
727,B005MNOC90,リトルバスターズ! Converted Edition,7,4972 ,4380 ,1790 ,2012/3/22,null
728,B00B16VV1O,三国恋戦記 ~オトメの兵法! ~,7,4863 ,4863 ,1814 ,2013/4/25,null
729,B00D5OONZ6,グリザイアの果実 -LE FRUIT DE LA GRISAIA-,7,4863 ,4390 ,1095 ,2013/8/8,null
730,B00F9X11F6,クドわふたー Converted Edition,7,3960 ,3720 ,5594 ,2013/12/19,null
731,B00GQTX8B2,蝶の毒 華の鎖~大正艶恋異聞~,7,4592 ,4380 ,351 ,2014/2/20,null
732,B00I5K7D70,いますぐお兄ちゃんに妹だっていいたい! (限定版) (高級4wayトリコット素材使用「両面描き下ろし抱き枕カバー」 同梱),7,8817 ,8817 ,619 ,2014/4/24,null
733,B00I5K7D7A,いますぐお兄ちゃんに妹だっていいたい! (通常版),7,5281 ,5281 ,358 ,2014/4/24,null
734,B00HJKZPMC,LOEVLY QUEST -Unlimited- 限定版 (【特典】設定資料集・ドラマCD 同梱),7,7800 ,7800 ,10369 ,2014/3/27,null
735,B00HJKZPQ8,LOVELY QUEST -Unlimited-,7,5280 ,4880 ,1242 ,2014/3/27,null
736,B007MJCYZ6,PS Vita用グリップアタッチメント『ハンディグリップPSV』,7,2350 ,2350 ,8084 ,2012/5/30,null
737,B00J009CO6,穢翼のユースティア Angel's blessing (通常版),7,5734 ,5734 ,655 ,2014/6/26,null
738,B00J009CL4,穢翼のユースティア Angel's blessing (限定版) (特製ポーチ、クリーニングクロス、ストラップ 同梱),7,7863 ,7863 ,1726 ,2014/6/26,null
739,B007JELZJ0,機動戦士ガンダムSEED BATTLE DESTINY,7,3899 ,2743 ,1892 ,2012/6/7,null
740,B008TM0W9K,AKB1/149 恋愛総選挙 (初回限定生産版) 超豪華誰得BOX,7,4450 ,2179 ,2873 ,2012/12/20,null
741,B008TM0UBA,AKB1/149 恋愛総選挙 (通常版),7,2948 ,2060 ,5969 ,2012/12/20,null
742,B00ANGCGRG,ワンピース 海賊無双2,7,5563 ,3939 ,940 ,2013/3/20,null
743,B00BPL5ROM,塊魂 ノ・ビ~タ PlayStation Vita the Best,7,2380 ,1860 ,17779 ,2013/4/25,null
744,B00BPL5ROC,リッジレーサー PlayStation Vita the Best,7,2382 ,1620 ,4033 ,2013/4/25,null
745,B00BPL5U3K,テイルズ オブ イノセンスR PlayStation Vita the Best,7,2863 ,2673 ,1658 ,2013/4/25,null
746,B005N4JTSM,塊魂 ノ・ビ~タ,7,2310 ,1640 ,4498 ,2011/12/17,null
747,B005MNO7BI,リッジレーサー,7,1863 ,1400 ,2579 ,2011/12/17,null
748,B00APU48MQ,テイルズ オブ ハーツ R,7,4130 ,2840 ,908 ,2013/3/7,null
749,B009ZP1IZ2,STEINS;GATE,7,4672 ,4652 ,840 ,2013/3/14,null
750,B009ZP1JNI,STEINS;GATE 比翼恋理のだーりん,7,4118 ,4118 ,997 ,2013/3/14,null
751,B009ZP1K6O,STEINS;GATE ダブルパック (通常版),7,19500 ,10800 ,5124 ,2013/3/14,null
752,B00BIYSI10,メモリーズオフ ゆびきりの記憶,7,4840 ,4840 ,3215 ,2013/6/27,null
753,B009ZP1KQY,STEINS;GATE ダブルパック (初回限定版セット),7,19480 ,12969 ,12075 ,2013/3/14,null
754,B00B2HR8PA,這いよれ! ニャル子さん 名状しがたいゲームのようなもの (通常版),7,3140 ,2355 ,4391 ,2013/5/30,null
755,B00B2HR8PK,這いよれ! ニャル子さん 名状しがたいゲームのようなもの (限定版 輝くトラペゾヘドロンBOX) (サウンドトラックその他 同梱),7,5773 ,3794 ,5884 ,2013/5/30,null
756,B00GIBTAUQ,俺たちに翼はない (通常版),7,5350 ,5350 ,811 ,2014/4/10,null
757,B00GIBTARY,俺たちに翼はない (限定版) (ドラマCD、YFBリストバンド 同梱),7,9700 ,8320 ,3607 ,2014/4/10,null
758,B00DBTN8ZG,やはりゲームでも俺の青春ラブコメはまちがっている。 (通常版),7,5763 ,5480 ,739 ,2013/9/19,null
759,B00DBTN8Y2,やはりゲームでも俺の青春ラブコメはまちがっている。 (限定版) (新作OVA Blu-rayディスク(アニメ1話分を収録。渡 航脚本。) 同梱),7,20330 ,9230 ,2961 ,2013/9/19,null
760,B00DS5WJBC,るいは智を呼ぶ (通常版),7,5096 ,4580 ,4852 ,2013/9/26,null
761,B00DS5WJEE,るいは智を呼ぶ (限定版) (ドラマCD、クリアコースター 同梱),7,6810 ,6137 ,15674 ,2013/9/26,null
762,B00FIZRD84,`&' - 空の向こうで咲きますように - (通常版),7,5380 ,4984 ,7299 ,2013/12/26,null
763,B00FIZRD4S,`&' - 空の向こうで咲きますように - (限定版: ドラマCD、メガネ型ストラップ 同梱),7,6597 ,5255 ,15624 ,2013/12/26,null
764,B00EE217KC,ローゼンメイデン ヴェヘゼルン ジー ヴェルト アップ (通常版),7,3830 ,3780 ,2688 ,2014/1/30,null
765,B00EE217GQ,ローゼンメイデン ヴェヘゼルン ジー ヴェルト アップ (限定版) (シリアルナンバー入りオリジナル懐中時計 同梱),7,6800 ,4930 ,3420 ,2014/1/30,null
766,B00FYGSK2U,IS<インフィニット・ストラトス>2 イグニッション・ハーツ (通常版),7,5290 ,4840 ,2483 ,2014/2/27,null
767,B00FYGSJYO,IS<インフィニット・ストラトス>2 イグニッション・ハーツ (初回限定版:シャル ネコミミパジャマSDフィギュア、ゲームオリジナルサウンドトラック 同梱),7,6600 ,5590 ,1232 ,2014/2/27,null
768,B00EOM8Y1M,STEINS;GATE 線形拘束のフェノグラム (通常版),7,5674 ,5450 ,2077 ,2013/11/28,null
769,B00EOM8Y1C,STEINS;GATE 線形拘束のフェノグラム (雷ネット翔 うーぱ絆創膏、特典映像DVD「4℃のから騒ぎ」同梱),7,7700 ,5802 ,12462 ,2013/11/28,null
770,B00GYTAK2O,ファントムブレイカー:バトルグラウンド,7,4120 ,3520 ,1073 ,2014/3/13,null
771,B00J7FH3YA,コープスパーティー BLOOD DRIVE(通常版),7,5999 ,5999 ,1096 ,2014/7/24,null
772,B00J7FH3YU,コープスパーティー BLOOD DRIVE(限定版) (コレクピ ピンジャックマスコット「篠崎あゆみ&持田由香」、オリジナルサウンドトラックCD 同梱),7,7772 ,7772 ,479 ,2014/7/24,null
773,B00IEV7RZ8,英雄*戦姫(通常版)予約特典:メタルチャームセット、「平賀源内」DLC付,7,5958 ,5958 ,825 ,2014/5/29,null
774,B00IEV7RYY,"英雄*戦姫(限定版)(オリジナルポーチ、マーリン""メタルチャーム 同梱) 予約特典:メタルチャームセット、「平賀源内」DLC付""",7,7772 ,7772 ,2504 ,2014/5/29,null
775,B00IZT5Y6S,ROBOTICS;NOTES ELITE (通常版),7,5957 ,5957 ,1190 ,2014/6/26,null
776,B00IZT5XZ0,ROBOTICS;NOTES ELITE (限定版)(ROBOTICS;NOTES ELITE Official Design Works 同梱),7,7772 ,7772 ,455 ,2014/6/26,null
777,B00IOHF3D0,CROSSCHANNEL ~For all people~ (通常版),7,5949 ,5949 ,3059 ,2014/6/26,null
778,B00IOHF3F8,CROSSCHANNEL ~For all people~ (限定版) (特製ブックレット、特製缶バッジセット 同梱),7,8476 ,8476 ,5353 ,2014/6/26,null
779,B00JL8FZJS,解放少女 SIN (通常版),7,5999 ,5999 ,5535 ,2014/7/31,null
780,B00JL8FZIO,解放少女 SIN (限定版) (設定資料集、オリジナルショートアニメプロダクトコード 同梱),7,9504 ,9504 ,1992 ,2014/7/31,null
781,B00FMR111S,東京新世録 オペレーションアビス (初回封入特典 プロダクトコード(パワーレコーダー (3個)、ハチの漢気パック) 同梱),7,5263 ,5263 ,2009 ,2014/7/24,null
782,B00J8GJF9Y,東京新世録 オペレーションアビス(限定版) (1ビジュアルファンブック、2プロダクトコード、初回封入特典 プロダクトコード(パワーレコーダー (3個)、ハチの漢気パック) 同梱),7,7081 ,7081 ,365 ,2014/7/24,null
783,B009WKZMT8,デモンゲイズ,7,4250 ,2529 ,1164 ,2013/1/24,null
784,B00F3X1EJK,デモンゲイズ PlayStation Vita the Best,7,3318 ,3318 ,1770 ,2013/11/14,null
785,B00HIYO03E,NAtURAL DOCtRINE,7,4935 ,4528 ,2567 ,2014/4/3,null
786,B00AFS2XBG,フォトカノ Kiss,7,5533 ,3939 ,768 ,2013/4/25,null
787,B00HVPBCK4,エビコレ+ アマガミ特典なし,7,4020 ,3719 ,1107 ,2014/1/30,null
788,B005OUJMUK,Let's Try Bass Fishing FISH ON NEXT,7,1911 ,1780 ,8634 ,2012/3/29,null
789,B009PJQ0LU,さくら荘のペットな彼女 (初回限定版),7,6372 ,4800 ,8273 ,2013/2/14,null
790,B009PJQF24,さくら荘のペットな彼女 (通常版),7,5250 ,3539 ,3860 ,2013/2/14,null
791,B00FKS3BEE,ロウきゅーぶ! ないしょのシャッターチャンス 限定版,7,7330 ,7080 ,1329 ,2014/3/27,null
792,B00FKS3BCG,ロウきゅーぶ! ないしょのシャッターチャンス(通常版),7,6250 ,5720 ,7098 ,2014/3/27,null
793,B00FOL28UK,ゴールデンタイム Vivid Memories 初回限定版,7,8470 ,7970 ,686 ,2014/3/27,null
794,B00FOL28YQ,ゴールデンタイム Vivid Memories (通常版),7,5890 ,4975 ,6906 ,2014/3/27,null
795,B00F2DWPO4,ラブライブ!  School idol paradise Vol.1 Printemps unit 初回限定版,7,15320 ,15320 ,425 ,2014/7/24,null
796,B00F2DWZ5I,ラブライブ!  School idol paradise Vol.1 Printemps unit (通常版),7,5509 ,5509 ,1138 ,2014/7/24,null
797,B00F2DWPP8,ラブライブ!  School idol paradise Vol.2 BiBi unit 初回限定版,7,15560 ,15560 ,485 ,2014/7/24,null
798,B00F2DX3WM,ラブライブ!  School idol paradise Vol.2 BiBi unit (通常版),7,5509 ,5509 ,477 ,2014/7/24,null
799,B00F2DWTP4,ラブライブ!  School idol paradise Vol.3 lily white unit 初回限定版,7,15560 ,15560 ,484 ,2014/7/24,null
800,B00F2DX962,ラブライブ!  School idol paradise Vol.3 lily white unit (通常版),7,5509 ,5509 ,1918 ,2014/7/24,null
801,B00INNEB2O,デュラララ!! 3way standoff -alley- V,7,4572 ,4572 ,1487 ,2014/6/19,null
802,B0088LXI8E,英雄伝説 零の軌跡 Evolution (通常版),7,4963 ,4300 ,647 ,2012/10/18,null
803,B0088LXISE,英雄伝説 零の軌跡 Evolution (限定版),7,8540 ,6360 ,4310 ,2012/10/18,null
804,B00JK9JOS6,英雄伝説 碧の軌跡 Evolution,7,5085 ,5085 ,175 ,2014/6/12,null
805,B00JK9JOPO,英雄伝説 碧の軌跡 Evolution 限定版,7,6834 ,6834 ,54 ,2014/6/12,null
806,B009KIM9X4,スパイハンター,7,5116 ,3990 ,24816 ,2012/12/13,null
807,B00ECTGVFI,WHITE ALBUM2 -幸せの向こう側-「にいてんご」同梱パック (にいてんご小木曽雪菜&にいてんご冬馬かずさ 同梱) ニコニコ動画用シリアルコード&Amazon.co.jpオリジナルA6サイズクリアファイル付,7,11980 ,11980 ,8598 ,2013/11/28,null
808,B00ECTGVGM,WHITE ALBUM2 -幸せの向こう側-「にいてんご」同梱パック (にいてんご小木曽雪菜&にいてんご冬馬かずさ 同梱) ニコニコ動画用シリアルコード&Amazon.co.jpオリジナルA6サイズクリアファイル付,7,,,8598 ,2013/11/28,null
809,B00EU70L30,bitter smile.初回限定版 (オリジナルサウンドトラック「スマイルハーモニー」 同梱) 公式メイキングブック「スマイルグラフティー」 付,7,6680 ,5636 ,16534 ,2013/11/28,null
810,B00EU70L2G,bitter smile.通常版 公式メイキングブック「スマイルグラフティー」 付,7,5850 ,5410 ,19739 ,2013/11/28,null
811,B00G9W0PX0,エビコレ + アマガミ 初回購入特典「高山箕犀イラスト小冊子Platonic Arcive(プラトニック　アーカイブ)&PS Vita版『エビコレ+ アマガミ』着せ替えジャケット(水着Ver)」付,7,5130 ,5130 ,855 ,2014/1/30,null
812,B00IDPR02K,もっと姉、ちゃんとしようよっ! +PLUS 通常版 オリジナルポストカード 付,7,6172 ,6172 ,2397 ,2014/5/29,null
813,B0063AI0BM,真かまいたちの夜 11人目の訪問者(サスペクト) (特典なし),7,1764 ,1230 ,4947 ,2011/12/17,null
814,B005MNNM8W,極限脱出ADV 善人シボウデス,7,3511 ,3219 ,1519 ,2012/2/16,null
815,B00D2PCA5S,ホチキス (通常版),7,4290 ,3080 ,8472 ,2013/8/29,null
816,B00D2PBU5Y,ホチキス (初回限定版: オリジナルサウンドトラック&デコステッカー同梱),7,9600 ,5800 ,9417 ,2013/8/29,null
817,B00GQLWDPC,bitter smile. 通常版(特典なし),7,4230 ,4030 ,6690 ,2013/11/28,null
818,B00H39RCNY,彼女 (あのコ) はオレからはなれない 初回限定版 (オリジナルサウンドトラック「オレの耳からはなれない」 同梱),7,5600 ,4880 ,6767 ,2014/3/27,null
819,B00H39RCN4,彼女 (あのコ) はオレからはなれない 通常版,7,4390 ,4390 ,668 ,2014/3/27,null
820,B006UA2I2M,FIFA ワールドクラス サッカー,7,2500 ,2252 ,3644 ,2012/3/15,null
821,B00833HG0I,FIFA 13 ワールドクラス サッカー,7,3099 ,2000 ,10566 ,2012/10/18,null
822,B0088VH2VI,ニード・フォー・スピード モスト・ウォンテッド,7,6744 ,2811 ,2371 ,2012/11/15,null
823,B00C3CCIGW,EA BEST HITS FIFA 13 ワールドクラス サッカー,7,3830 ,2180 ,14693 ,2013/6/20,null
824,B00E8AVN1I,FIFA14 ワールドクラス サッカー,7,4589 ,4298 ,2790 ,2013/10/17,null
825,B00DS5WGWY,EA BEST HITS ニード・フォー・スピード モスト・ウォンテッド,7,3110 ,2850 ,9103 ,2013/9/19,null
826,B005MNMXQO,忍道2 散華,7,3633 ,2790 ,5037 ,2011/12/17,null
827,B00BPL4QKI,真かまいたちの夜 11人目の訪問者 PlayStation Vita the Best,7,2882 ,2730 ,13558 ,2013/4/25,null
828,B00ECX5KW4,忍道2 散華 PlayStation Vita the Best,7,3000 ,2730 ,4035 ,2013/10/10,null
829,B00BPL4QKS,真かまいたちの夜 11人目の訪問者 PlayStation 3 the Best,7,2430 ,2337 ,6157 ,2013/4/25,null
830,B00D17RQQU,CONCEPTION II 七星の導きとマズルの悪夢,7,2891 ,2350 ,1014 ,2013/8/22,null
831,B00DS3SZMQ,ダンガンロンパ1・2 Reload,7,4270 ,3605 ,243 ,2013/10/10,null
832,B00H4POFWS,テラリア,7,2436 ,2436 ,285 ,2014/2/6,null
833,B00740Q8U0,シェルノサージュ 失われた星へ捧ぐ詩,7,2390 ,1310 ,2684 ,2012/4/26,null
834,B0073BHHO6,シェルノサージュ 失われた星へ捧ぐ詩 AGENT PACK,7,13330 ,2980 ,5988 ,2012/4/26,null
835,B0093T61ZM,トトリのアトリエ Plus ~アーランドの錬金術士2~ (通常版),7,4672 ,4120 ,471 ,2012/11/29,null
836,B0093HOXOA,トトリのアトリエ Plus ~アーランドの錬金術士2~ プレミアムボックス,7,29000 ,8330 ,1441 ,2012/11/29,null
837,B00AT837LC,メルルのアトリエ Plus ~アーランドの錬金術士3~,7,4900 ,4120 ,506 ,2013/3/20,null
838,B00AT83780,メルルのアトリエ Plus ~アーランドの錬金術士3~ プレミアムボックス,7,19799 ,7514 ,2130 ,2013/3/20,null
839,B00ANZQHQ8,シェルノサージュ 失われた星へ捧ぐ詩 RE:Incarnation,7,5680 ,4679 ,2254 ,2013/2/21,null
840,B00EEY38XY,シェルノサージュ 失われた星へ捧ぐ詩 PlayStation Vita the Best,7,2600 ,2600 ,4112 ,2013/10/10,null
841,B00EEY3910,新・ロロナのアトリエ はじまりの物語 ~アーランドの錬金術士~,7,4790 ,4290 ,510 ,2013/11/21,null
842,B00EEY38Z2,新・ロロナのアトリエ はじまりの物語 ~アーランドの錬金術士~ プレミアムボックス (初回封入特典(オリジナルコスチューム「ピーチバケイション」ダウンロードコード) 同梱),7,11690 ,6104 ,1459 ,2013/11/21,null
843,B00HIUDVZ6,アーシャのアトリエ Plus ~黄昏の大地の錬金術士~,7,4627 ,4580 ,162 ,2014/3/27,null
844,B00HIUDW1Y,アーシャのアトリエ Plus ~黄昏の大地の錬金術士~ プレミアムボックス (初回特典アーシャ専用コスチューム ホワイトダイヤモンド同梱),7,9270 ,8080 ,521 ,2014/3/27,null
845,B00DS5WLY2,古色迷宮輪舞曲~La Roue de fortune~ (限定版) (ビジュアルファンブック同梱 同梱),7,9142 ,7262 ,9401 ,2013/9/26,null
846,B00DS5WLWY,古色迷宮輪舞曲~La Roue de fortune~ (通常版),7,4340 ,3597 ,7493 ,2013/9/26,null
847,B005MNNFS4,みんなのGOLF 6,7,1780 ,1529 ,1455 ,2011/12/17,null
848,B0061ZTDA6,WipEout 2048,7,2667 ,2380 ,4814 ,2012/1/19,null
849,B005MNNCMI,GRAVITY DAZE 重力的眩暈:上層への帰還において、彼女の内宇宙に生じた摂動,7,4039 ,2779 ,1243 ,2012/2/9,null
850,B005OUJOZS,リアリティーファイター,7,1350 ,1277 ,16194 ,2012/2/23,null
851,B006RD9YR4,Unit 13,7,4300 ,2862 ,5329 ,2012/3/8,null
852,B008H0HFIK,リトルビッグプラネット PlayStation Vita,7,3136 ,1873 ,2093 ,2012/9/20,null
853,B00A2M278E,プレイステーション オールスター・バトルロイヤル,7,2659 ,1609 ,7085 ,2013/1/31,null
854,B00FB01XNM,Tearaway ~はがれた世界の大冒険~,7,3580 ,2840 ,3541 ,2013/12/5,null
855,B00J3HWZ4A,"フリーダムウォーズ (初回限定特典 “奪還追加コンテンツパック 同梱)""",7,5063 ,5063 ,22 ,2014/6/26,null
856,B005MNN80Y,アンチャーテッド - 地図なき冒険の始まり -,7,3539 ,2080 ,2377 ,2011/12/17,null
857,B007VM3EYO,RESISTANCE -アメリカ最後の抵抗- (初回封入特典:「XPブースター」同梱),7,2300 ,1520 ,5568 ,2012/7/12,null
858,B00AHA5OCC,SOUL SACRIFICE ソウル・サクリファイス (通常版),7,2140 ,710 ,1224 ,2013/3/7,null
859,B00AHA5OBS,SOUL SACRIFICE ''共闘'' ダブルパック,7,3340 ,2219 ,7710 ,2013/3/7,null
860,B00DI2SXGA,KILLZONE: MERCENARY,7,4072 ,3730 ,487 ,2013/9/5,null
861,B00ISI7NQK,ゴッド・オブ・ウォー コレクション,7,3318 ,3318 ,953 ,2014/5/15,null
862,B00HEZCTBW,SOUL SACRIFICE DELTA ソウル・サクリファイス デルタ,7,3373 ,2880 ,37 ,2014/3/6,null
863,B00JOYEY7I,俺の屍を越えてゆけ2 初回限定版 (初回封入特典「レア神様」(男神・女神)プロダクトコード 同梱) 初回限定特典「俺の屍を越えてゆけ スペシャルコミックブック」 付,7,16330 ,16330 ,44 ,2014/7/17,null
864,B00JOYEY64,俺の屍を越えてゆけ2 (初回封入特典「レア神様」(男神・女神)プロダクトコード 同梱) 初回限定特典「俺の屍を越えてゆけ スペシャルコミックブック」 付,7,5586 ,5586 ,7 ,2014/7/17,null
865,B00BPL5RNI,"GRAVITY DAZE 重力的眩暈:上層への帰還において,彼女の内宇宙に生じた摂動 PlayStation Vita the Best",7,2845 ,2480 ,208 ,2013/4/25,null
866,B00ECX5IEE,みんなのGOLF 6 PlayStation Vita the Best,7,2250 ,1744 ,4078 ,2013/10/10,null
867,B00ECX5ICG,アンチャーテッド -地図なき冒険の始まり- PlayStation Vita the Best,7,3700 ,3400 ,20823 ,2013/10/10,null
868,B00ECX5IAI,SOUL SACRIFICE(ソウル・サクリファイス) PlayStation Vita the Best,7,2550 ,1680 ,5348 ,2013/10/10,null
869,B00APU48PI,テイルズ オブ ハーツ R Link Edition,7,8229 ,5439 ,11094 ,2013/3/7,null
870,B005MNOM7W,マイケルジャクソン ザ・エクスペリエンスHD,7,1551 ,1230 ,8097 ,2011/12/17,null
871,B0075003XW,レイマン オリジン,7,2024 ,1800 ,3700 ,2012/4/12,null
872,B005MNOIKS,ダーク クエスト アライアンス,7,1738 ,1569 ,5690 ,2011/12/17,null
873,B0071THGRS,ルミネス エレクトロニック シンフォニー,7,2450 ,1475 ,2711 ,2012/4/19,null
874,B008FWIIU4,アサシン クリードIII レディ リバティ【CEROレーティング「Z」】,7,3965 ,2822 ,1392 ,2012/11/15,null
875,B00IODO7OA,レイマン レジェンド,7,4369 ,4369 ,663 ,2014/4/24,null
876,B00HWN7PO2,ユービーアイ・ザ・ベスト ルミネス エレクトロニック シンフォニー,7,2014 ,2014 ,5686 ,2014/3/6,null
877,B00HQSGFBC,ユービーアイ・ザ・ベスト アサシン クリードIII レディ リバティ 【CEROレーティング「Z」】,7,2631 ,2249 ,895 ,2014/3/20,null
878,B008DRIFYU,イース セルセタの樹海 (通常版),7,5278 ,2969 ,4038 ,2012/9/27,null
879,B008DRIO96,イース セルセタの樹海 イース生誕25周年記念パック (描きおろしヒロインカレンダー・ドラマCD『イース セルセタの樹海』・音楽CD『イース 古今曲集(仮)』・クロスクリーナー『アドルの世界地図』 同梱),7,13100 ,6380 ,7305 ,2012/9/27,null
880,B00D2MS78U,英雄伝説 閃の軌跡 (通常版),7,5479 ,3769 ,1358 ,2013/9/26,null
881,B00D2MS75I,英雄伝説 閃の軌跡 (限定ドラマCD同梱版),7,8750 ,4528 ,3827 ,2013/9/26,null
882,B00EOM3AWK,イース セルセタの樹海 PlayStation Vita the Best,7,3318 ,3070 ,568 ,2013/10/10,null
883,B00JK9F5SY,英雄伝説 閃の軌跡 スーパープライス,7,4205 ,4205 ,924 ,2014/6/26,null
884,B005MNN4GC,パワースマッシュ4,7,2621 ,1830 ,2623 ,2011/12/17,null
885,B0071HDXDG,サムライ&ドラゴンズ デラックスパッケージ版,7,1100 ,675 ,11788 ,2012/5/24,null
886,B005N4JZE0,スーパーモンキーボール 特盛あそビ~タ!,7,1630 ,1137 ,6484 ,2012/1/1,null
887,B007XMUJL8,初音ミク -Project DIVA- f,7,4398 ,2250 ,492 ,2012/8/30,null
888,B0093HOM6Y,サムライ&ドラゴンズ デラックスパッケージ版 龍族降臨,7,1000 ,970 ,11856 ,2012/11/29,null
889,B00ABA7OK8,ファンタシースターオンライン2 スペシャルパッケージ,7,5664 ,2277 ,1229 ,2013/2/28,null
890,B0095OXJPK,パワースマッシュ4 SEGA THE BEST,7,2363 ,2120 ,3559 ,2012/11/29,null
891,B00DE53AI2,サカつく プロサッカークラブをつくろう!,7,3482 ,2520 ,1048 ,2013/10/10,null
892,B00GXYECLU,初音ミク -Project DIVA- F 2nd,7,4072 ,3825 ,17 ,2014/3/27,null
893,B00F4Q3FDE,うた組み575 (通常版),7,3500 ,2960 ,2897 ,2014/1/23,null
894,B00I2EQE9M,ぷよぷよテトリス 特典なし,7,4249 ,3919 ,3408 ,2014/2/6,null
895,B00F4Q3FCU,うた組み575 575鳩寺女子学園入学プレミアムパック (限定版),7,6780 ,4080 ,8222 ,2014/1/23,null
896,B00FIZRA28,初音ミク -Project DIVA- f お買い得版,7,3172 ,3143 ,593 ,2013/12/12,null
897,B00HJKZPOU,ファンタシースターオンライン2 エピソード2 デラックスパッケージ,7,4030 ,3140 ,301 ,2014/3/20,null
898,B005N4K6SY,アルティメット マーヴル VS. カプコン 3,7,3555 ,2763 ,6468 ,2011/12/17,null
899,B005HLZG0G,STREET FIGHTER X 鉄拳,7,3780 ,2739 ,6477 ,2012/10/25,null
900,B005MNMGFW,ペルソナ4 ザ・ゴールデン,7,5672 ,5210 ,94 ,2012/6/14,null
901,B00BY0209Y,ドラゴンズクラウン,7,4230 ,2420 ,320 ,2013/7/25,null
902,B00AK8G970,スパイハンター(特典なし),7,2340 ,1730 ,5678 ,2012/12/13,null
903,B005N4JM8Y,ロード オブ アポカリプス,7,3450 ,1745 ,3067 ,2011/12/17,null
904,B005N4JJBY,地獄の軍団,7,1030 ,790 ,2368 ,2011/12/17,null
905,B009DYQV1G,コール オブ デューティ ブラックオプス ディクラシファイド,7,4579 ,2720 ,8217 ,2012/12/20,null
906,B00FPH9M9S,ファイナルファンタジー X HD Remaster,7,3100 ,2350 ,440 ,2013/12/26,null
907,B00FPH9M4I,ファイナルファンタジー X-2 HD Remaster,7,2269 ,1710 ,1339 ,2013/12/26,null
908,B00DSKPNBA,コール オブ デューティ ブラックオプス ディクラシファイド,7,2513 ,2190 ,1868 ,2013/9/5,null
909,B00FPH9LZS,ファイナルファンタジー X/X-2 HD Remaster TWIN PACK,7,5072 ,3840 ,176 ,2013/12/26,null
910,B00A882Q0Q,SILENT HILL:Book Of Memories,7,3276 ,3276 ,5457 ,2013/2/14,null
911,B0072B3GZQ,プロ野球スピリッツ2012,7,1715 ,1040 ,3347 ,2012/3/29,null
912,B005JA4K66,麻雀格闘倶楽部 新生・全国対戦版,7,2000 ,1690 ,4293 ,2011/12/17,null
913,B005JA44GM,ASPHALT: INJECTION (アスファルト:インジェクション),7,3546 ,2420 ,4007 ,2011/12/17,null
914,B00840JTIC,実況パワフルプロ野球2012,7,1479 ,1120 ,1049 ,2012/7/19,null
915,B007IEVIBQ,メタルギア ソリッド HD エディション,7,6090 ,3370 ,5334 ,2012/6/28,null
916,B009RE76MK,実況パワフルプロ野球2012決定版,7,3319 ,2960 ,1586 ,2012/12/13,null
917,B00B47PF7Q,プロ野球スピリッツ2013,7,3260 ,1939 ,1690 ,2013/3/20,null
918,B00DOQSQAI,実況パワフルプロ野球2013,7,2677 ,1880 ,1318 ,2013/10/24,null
919,B00EP4SDL0,麻雀格闘倶楽部 新生・全国対戦版 PlayStation Vita the Best,7,2426 ,2330 ,11170 ,2013/10/10,null
920,B00EP4SDLK,METAL GEAR SOLID HD EDITION PlayStation Vita the Best,7,2972 ,2948 ,482 ,2013/10/10,null
921,B00GZFI4E8,王と魔王と7人の姫君たち ~新・王様物語~ コナミ ザ・ベスト,7,2427 ,2427 ,986 ,2014/2/27,null
922,B00HUHV0WI,プロ野球スピリッツ2014,7,5444 ,5040 ,267 ,2014/3/20,null
923,B005GNQL9K,真・三國無双 NEXT,7,2172 ,1290 ,1643 ,2011/12/17,null
924,B005OUJNDG,NINJA GAIDEN Σ PLUS,7,2549 ,2290 ,6118 ,2012/2/23,null
925,B008EQEBDY,信長の野望 天道 with パワーアップキット,7,7280 ,5590 ,2838 ,2012/9/27,null
926,B00A0GK5AY,三國志12,7,4668 ,3725 ,7490 ,2013/2/7,null
927,B00AF6195Y,NINJA GAIDEN Σ2 PLUS,7,3713 ,2680 ,9786 ,2013/2/28,null
928,B00ASUXP18,DEAD OR ALIVE 5 PLUS,7,3877 ,2120 ,9188 ,2013/3/20,null
929,B00ASUXP22,DEAD OR ALIVE 5 PLUS コレクターズエディション,7,9164 ,3980 ,8663 ,2013/3/20,null
930,B00AZVKYU0,DEAD OR ALIVE 5 クロスプレイパック,7,6410 ,6009 ,9563 ,2013/3/20,null
931,B00B7YGGAG,信長の野望 天道 with パワーアップキット 「信長の野望」30周年謝恩キャンペーンパック,7,9920 ,6794 ,9382 ,2013/3/14,null
932,B00BSOT67U,真・三國無双NEXT PSVita the Best,7,2600 ,1620 ,20477 ,2013/4/25,null
933,B009DYR7A0,討鬼伝,7,3730 ,1830 ,483 ,2013/6/27,null
934,B00C3AMSW8,Winning Post 7 2013,7,4437 ,3680 ,5283 ,2013/6/20,null
935,B00DOU5G3O,三國志12 with パワーアップキット,7,8520 ,7310 ,2422 ,2013/9/26,null
936,B00DOU5KEO,無双OROCHI 2 Ultimate (通常版),7,4745 ,3850 ,537 ,2013/9/26,null
937,B00EPZKISU,真・三國無双7 with 猛将伝,7,5648 ,4490 ,689 ,2013/11/28,null
938,B00E5Y5HCI,"無双OROCHI 2 Ultimate プレミアムBOX  (初回特典 趙雲&石田三成&かぐや “ハロウィンコスチューム DLC 同梱)""",7,9150 ,6195 ,10359 ,2013/9/26,null
939,B00GHAPL2E,戦国無双4  (通常版),7,5490 ,4635 ,124 ,2014/3/20,null
940,B00FIZ319E,真・三國無双7 with 猛将伝 TREASURE BOX (初回封入特典(趙雲・王元姫・徐庶 特製コラボコスチューム ダウンロードシリアルコード) 同梱),7,8750 ,8330 ,17084 ,2013/1/1,null
941,B00G56TR0C,コーエテクモ the Best NINJA GAIDEN Σ PLUS,7,2160 ,1980 ,20567 ,2013/12/19,null
942,B00G56TQVC,コーエテクモ the Best NINJA GAIDEN Σ 2 PLUS,7,3063 ,2480 ,11125 ,2013/12/19,null
943,B00G56TR5M,コーエテクモ the Best DEAD OR ALIVE 5 PLUS,7,3058 ,3058 ,1386 ,2013/12/19,null
944,B00GYTBYSI,影牢 ~ダークサイド プリンセス~,7,4600 ,4039 ,718 ,2014/2/27,null
945,B00GZB73XU,影牢 ~ダークサイド プリンセス~ プレミアムBOX (初回封入特典(屈辱トラップ「ゴールデンホース」ダウンロードシリアル) 同梱),7,13500 ,7000 ,2597 ,2014/2/27,null
946,B00GXYX1GM,Winning Post 8,7,5600 ,5045 ,260 ,2014/3/27,null
947,B00GXYX2NE,Winning Post 8 20周年記念プレミアムBOX,7,8206 ,8206 ,3654 ,2014/3/27,null
948,B00J88WC7E,信長の野望・創造,7,6834 ,6834 ,503 ,2014/5/29,null
949,B00JP2JVY0,討鬼伝 PlayStationVita the Best,7,3355 ,3355 ,10114 ,2014/6/5,null
950,B005GNTB6K,魔界戦記ディスガイア3 Return (リターン),7,4397 ,2850 ,4729 ,2011/12/17,null
951,B0087NFZAC,特殊報道部,7,3026 ,2680 ,1842 ,2012/8/23,null
952,B00BPL5RQ0,魔界戦記ディスガイア3 Return PlayStation Vita the Best,7,3172 ,2820 ,3256 ,2013/4/25,null
953,B00EE0Y5NU,クリミナルガールズ INVITATION,7,3962 ,3572 ,611 ,2013/11/28,null
954,B00F4MVWEM,魔界戦記 ディスガイア 4 Return,7,5040 ,3825 ,511 ,2014/1/30,null
955,B00IZR1KNG,htoL#NiQ -ホタルノニッキ- 初回生産限定プレミアムボックス,7,6264 ,6264 ,93 ,2014/6/19,null
956,B009X78ER2,限界凸騎 モンスターモンピース (限定版:プロダクトコード/設定原画集/トレーディングカード 同梱),7,29700 ,4330 ,7672 ,2013/1/24,null
957,B009X78J7W,限界凸騎 モンスターモンピース (通常版),7,4766 ,2620 ,2300 ,2013/1/24,null
958,B00AJG1JLE,~聖魔導物語~(限定版),7,2851 ,2502 ,1086 ,2013/3/28,null
959,B00AJG1JMI,~聖魔導物語~(通常版),7,2330 ,1590 ,1675 ,2013/3/28,null
960,B00BTWNCGC,神次元アイドル ネプテューヌPP (限定版) (葉生田先生描き下ろし漫画、シチュエーションCD、特製携帯スタンド(クリーナー付) 同梱),7,5350 ,3150 ,1850 ,2013/6/20,null
961,B00BTWNCIK,神次元アイドル ネプテューヌPP (通常版),7,3986 ,1767 ,1130 ,2013/6/20,null
962,B00DMZDRUA,超次次元ゲイム ネプテューヌRe;Birth1 (限定版),7,8869 ,6220 ,3125 ,2013/10/31,null
963,B00DMZDRS2,超次次元ゲイム ネプテューヌRe;Birth1 (通常版),7,4629 ,4315 ,1010 ,2013/10/31,null
964,B00F4Q3HUU,薄桜鬼 鏡花録,7,2426 ,2380 ,1144 ,2013/12/19,null
965,B00F4Q3HTG,AMNESIA V Edition,7,2427 ,2400 ,536 ,2013/12/19,null
966,B00F4Q3I40,DIABOLIK LOVERS LIMITED V EDITION 限定版,7,9250 ,6695 ,6413 ,2013/12/19,null
967,B00F4Q3HSC,DIABOLIK LOVERS LIMITED V EDITION,7,4950 ,4280 ,961 ,2013/12/19,null
968,B00GLFV0AW,薄桜鬼SSL ~sweet school life~ (限定版),7,7550 ,6200 ,1202 ,2014/3/27,null
969,B00GLFV04S,薄桜鬼SSL ~sweet school life~ (通常版),7,5081 ,4289 ,682 ,2014/3/27,null
970,B00GM7WJJK,超次次元ゲイム ネプテューヌRe;Birth2 SISTERS GENERATION (限定版: 「妹とお布団の中でイチャイチャしちゃうCD」、「スペシャルねぷねぷブック」 同梱),7,6390 ,4850 ,904 ,2014/3/20,null
971,B00GM7WJFO,超次次元ゲイム ネプテューヌRe;Birth2 SISTERS GENERATION (通常版),7,4527 ,3940 ,757 ,2014/3/20,null
972,B00HFQTX5K,超女神信仰 ノワール 激神ブラックハート(限定版) (ラステイション製ねぷぎゅあ「ノワール」、オリジナルドラマCD「ネプテューヌ激白! 同梱)特典 ビジュアルブック 付,7,8654 ,8654 ,122 ,2014/5/29,null
973,B00HFQTX3M,超女神信仰 ノワール 激神ブラックハート(通常版)特典 ビジュアルブック 付,7,5958 ,5958 ,464 ,2014/5/29,null
974,B00I0SUSRY,AMNESIA world 限定版 予約特典(ドラマCD)付,7,6890 ,6890 ,236 ,2014/5/22,null
975,B00I0SUPLI,AMNESIA world (通常版) 予約特典(ドラマCD)付,7,5082 ,5082 ,207 ,2014/5/22,null
976,B00HIEKYNO,限界凸記 モエロクロニクル(限定版) (「はじめての×××」モン娘艶声ボイス全集CD、いつでも一緒お風呂ポスター5枚セット 同梱) 鼻血解禁! ! 「袋とじ」付きSPビジュアルブック 付,7,7736 ,7736 ,121 ,2014/5/15,null
977,B00HIEKZ9M,限界凸記 モエロクロニクル(通常版) 鼻血解禁! ! 「袋とじ」付きSPビジュアルブック 付,7,5969 ,5969 ,196 ,2014/5/15,null
978,B00G9QVCHE,WHITE ALBUM2 -幸せの向こう側-通常版(特典なし),7,4711 ,4480 ,2394 ,2013/11/28,null
979,B00G9QSX6C,WHITE ALBUM2 -幸せの向こう側-「にいてんご」同梱パック(特典なし),7,7170 ,6104 ,12190 ,2013/11/28,null
980,B008JA29VQ,Fate/stay night [Realta Nua](特典:「とびたて!超時空トラぶる花札大作戦」& 「とびだせ!トラぶる花札道中記」DL用プロダクトコード 同梱),7,5620 ,4450 ,735 ,2012/11/29,null
981,B008R5R4I6,Madden NFL 13 (輸入版:アジア),7,17997 ,14992 ,27266 ,2012/8/28,null
982,B008UOK89Q,FIFA 13 (輸入版:アジア),7,11055 ,2560 ,7079 ,2012/9/25,null
983,B00H31ULL2,AKIBA'S TRIP 2 韓国版,7,4620 ,4620 ,29780 ,,null
984,B00BQ7A592,MLB 13 The Show ( 輸入版:  VITA 北米・アジア),7,4000 ,4000 ,28358 ,,null
985,B0050SWR6M,Need for Speed Most Wanted (輸入版:北米),7,3230 ,3230 ,6489 ,2012/10/30,null
